question,answer,category,적용대상,출처
MVP와 301 어휘는 어떻게 병행해야 하나요?,"301은 하루 2챕터, MVP는 최소 하루 1챕터씩 병행하세요. 양이 부담되면 301과 MVP를 교차 학습해도 좋습니다.",학습자료,공통,line1
301 단어 학습이 부족하다고 느껴지면 어떻게 해야 하나요?,"301 단어를 다시 한 바퀴 보면서 101, 201 단어 중 부족한 부분을 추가하세요. 병행해서 반복하면 효과적입니다.",학습자료,공통,line2
시험 대비 단어 공부는 어떻게 가져가야 할까요?,"끝까지 계속 반복해서 눈에 익히는 게 가장 중요합니다. 시험 직전까지 회독을 멈추지 말고, 헷갈리는 단어는 집중 관리하세요.",시험준비,공통,line3
문법 복습은 어떻게 하는 게 효과적인가요?,문법은 노트에 정리한 뒤 문제를 다시 풀어보세요. 틀린 문제는 오답노트로 따로 관리하면 좋습니다.,영어,공통,line4
논리 문제에서 답이 두 개로 보이면 어떻게 해야 하나요?,지문 흐름과 근거 문장을 다시 확인하세요. 확실하지 않은 문제는 표시해두고 반복 복습해 주시는 게 좋습니다.,영어,공통,line5
논리 201은 어떻게 공부하면 좋을까요?,"101과 같은 패턴으로 접근하면 됩니다. 강의와 단어를 병행하고, 문제는 지문 흐름 중심으로 풀어보세요.",영어,공통,line6
문법 문제를 전체 복습할 때 어떻게 진행해야 하나요?,"틀렸던 파트를 다시 풀고, 헷갈리는 문법 규칙은 강의 영상을 참고하세요. 복습 시에는 속도를 빠르게 가져가세요.",영어,공통,line7
장문독해는 어떤 점에 집중해야 하나요?,문단의 흐름을 파악하고 주제를 찾는 연습을 하세요. 단문독해와 달리 지문 전체 구조에 집중하는 게 중요합니다.,영어,공통,line8
단문독해는 어떻게 공부해야 하나요?,짧은 지문을 빠르게 읽고 문제풀이 감각을 키우세요. 이분법을 활용해 문제를 나눠 풀면 효과적입니다.,영어,공통,line9
모의고사 본 뒤에는 어떻게 활용해야 하나요?,"시험 직후 오답을 정리하고, 틀린 문제는 이유→정답 근거 순으로 노트화하세요. 이후 약점 유형별로 다시 풀어보는 것이 좋습니다.",시험준비,공통,line10
모의고사 결과를 복습할 때 어떤 점을 중점적으로 봐야 할까요?,틀린 문제 유형을 분류해서 약점을 확인하세요. 자주 틀리는 유형은 따로 문제를 모아 반복 연습하세요.,시험준비,공통,line11
주말에는 평일보다 어떻게 공부량을 조정해야 할까요?,주말에는 단어량을 1~2챕터 늘려도 좋습니다. 모의고사나 전체 리뷰를 추가해 학습량을 보강하세요.,FAQ,공통,line12
복습은 어떤 방식으로 진행하는 게 좋을까요?,문법이나 논리는 노트에 핵심 정리 후 문제를 다시 풀어보는 방식이 효과적입니다. 하루 계획에 복습 시간을 반드시 포함하세요.,학습법,공통,line13
공부 계획을 어떻게 세우는 게 좋을까요?,"강의와 단어를 기본으로 두고, 하루 목표를 세분화하세요. 예: 오전 강의, 오후 문제풀이, 저녁 복습.",학습법,공통,line14
하루 공부 시간을 어떻게 배분하면 좋을까요?,"오전에는 암기 과목, 오후에는 강의와 문제풀이, 저녁에는 복습과 정리를 배치하는 것이 효과적입니다. 예를 들어 6:4 비율로 실전 연습과 복습을 나누세요.",FAQ,공통,line15
슬럼프가 올 때는 어떻게 극복할 수 있을까요?,"공부량을 줄이지 말고, 대신 과목을 바꿔 집중하세요. 짧게라도 루틴을 유지하는 것이 중요합니다.",FAQ,공통,line16
오답노트는 어떻게 작성해야 효과적인가요?,"틀린 파트를 기록하고, 이유를 적은 뒤 정답 근거를 정리하세요. 주기적으로 다시 확인하세요.",학습법,공통,line17
교재가 늦게 도착하면 어떻게 공부해야 할까요?,교재가 오기 전에는 기존 강좌와 단어 위주로 복습하세요. 교재가 도착하면 전체리뷰 후 새 과정으로 넘어가면 됩니다.,커리큘럼,공통,line18
101 과정을 마친 뒤에는 어떻게 공부를 이어가야 하나요?,101 전체 리뷰 후 201 과정으로 넘어가세요. 101과 비슷한 패턴이니 부담 갖지 말고 진행하세요.,커리큘럼,공통,line19
201 과정을 끝낸 뒤에는 어떤 흐름으로 가야 하나요?,301 교재로 이어가면서 전체 리뷰를 병행하세요. 7월쯤에는 401로 넘어가는 것이 적절합니다.,커리큘럼,공통,line20
단문독해 교재가 늦게 도착하면 어떻게 해야 하나요?,교재가 오기 전에는 논리와 단어 복습에 집중하세요. 교재가 도착하면 단문독해 강의부터 시작하세요.,커리큘럼,공통,line21
301 교재는 언제 시작하는 게 적절할까요?,201 과정을 마무리한 뒤 바로 301을 시작하세요. 단어와 병행해서 진행하면 좋습니다.,커리큘럼,공통,line22
편입 영어에서 가장 중요한 파트는 무엇인가요?,"논리, 독해, 어휘 세 가지가 모두 중요합니다. 단어가 기본이 되니 어휘 암기에 집중해 주세요.",입시정보,공통,line23
편입 공부를 학교와 병행할 때 주의할 점은 무엇인가요?,시간 배분이 핵심입니다. 수업 전후 짧은 시간을 활용해 단어와 복습을 꾸준히 챙기세요.,입시정보,공통,line24
편입 시험 준비는 몇 개월 전부터 본격적으로 시작해야 하나요?,보통 최소 1년 전부터 꾸준히 준비하는 것이 좋습니다. 남은 기간이 짧다면 단어와 독해에 집중하세요.,입시정보,공통,line25
강의와 단어를 병행할 때 어떤 순서가 좋나요?,"오전에 단어 암기, 오후에 강의와 문제풀이, 저녁에 복습 순서로 진행하세요. 집중력이 떨어질 때는 단어를 나눠서 보세요.",FAQ,공통,line26
휴식은 언제 취하는 게 좋을까요?,"집중력이 떨어지기 전에 50분 공부 후 10분씩 쉬는 것이 좋습니다. 장시간 학습 시 점심, 저녁 후에는 긴 휴식을 주세요.",FAQ,공통,line27
영어 실력이 늘지 않는 것 같을 때 어떻게 해야 하나요?,논리와 독해는 시간이 걸리니 꾸준히 문제를 풀어야 합니다. 단어 학습을 병행해 문제 이해도를 높이세요.,영어,공통,line28
학습 계획이 무너졌을 때는 어떻게 복구해야 하나요?,"다음 날부터 계획을 다시 세우고, 밀린 분량은 나눠서 채우세요. 하루 단위로 무리하지 않는 것이 중요합니다.",학습법,공통,line29
시험 직전에는 무엇을 집중적으로 봐야 하나요?,"단어와 오답노트를 중심으로 반복하세요. 새로운 내용은 최소화하고, 정리된 자료를 집중적으로 보시는 게 좋습니다.",시험준비,공통,line30
어휘 학습 교재가 늦게 도착했는데 교재 없이 인강을 들어도 될까요?,교재 오기 전까지는 어휘만 학습하시고 OT 강의는 미리 들어두시는 게 좋습니다.,학습자료,공통,line31
인강은 하루에 몇 강씩 듣는 게 좋을까요?,"2026 편입영어 프로파일러 lv.1 기준으로 하루 4강씩 수강하시고, 남은 시간은 어휘 학습에 활용해주세요.",커리큘럼,공통,line32
"강의를 문법, 독해, 논리 순으로 듣는다면 문법을 하나 더 듣게 되는 게 맞나요?",네 맞습니다. 순서대로 진행하다 보면 문법을 하나 더 듣는 날이 생깁니다.,커리큘럼,공통,line33
어휘는 하루에 어떻게 공부하는 게 좋을까요?,"표제어 위주로 매일 암기하시고, 전날 학습한 내용을 반드시 누적 복습해주세요.",학습법,공통,line34
교재는 어떤 것을 구매해야 하나요?,김신근 교수님의 2026 편입영어 프로파일러 lv.1 교재를 구매하시면 됩니다.,학습자료,공통,line35
휴식은 얼마나 가져도 되나요?,"주 1회 정도만 휴식하시고, 나머지 날은 집중해서 공부하시는 것이 좋습니다.",FAQ,공통,line36
모의고사는 꼭 신청해야 하나요?,"네, 모의고사를 통해 공부 방향을 점검하고 부족한 부분을 확인할 수 있으니 반드시 응시하시길 권장합니다.",시험준비,공통,line37
어휘가 편입 영어에서 얼마나 중요한가요?,어휘는 편입 영어의 80%를 차지할 만큼 핵심이므로 매일 꾸준히 암기하셔야 합니다.,영어,공통,line38
밤낮이 바뀌었는데 어떻게 해야 할까요?,"아침 기상 인증을 통해 생활 패턴을 교정하고, 늦게라도 반드시 공부를 시작하세요.",학습법,공통,line39
공부 시작 전에는 무엇을 해야 하나요?,"플래너를 작성해 공부 계획을 세우고, 전날 학습한 강의를 간단히 복습한 후 시작해주세요.",학습법,공통,line40
"저녁에 다시 마음잡기가 너무 힘들어요, 어떻게 해야 할까요?","토요일에 쉬니까 오늘까지 열심히 달려보자는 마음으로 해보시고, 못한 부분은 다음날 보충해주세요.",FAQ,공통,line41
영어 단어장 선택은 어떻게 해야 하나요?,보카바이블과 정병권 단어장은 내용이 겹치니 어느 쪽을 선택해도 무방합니다. 다만 부족한 파트는 BGM으로 보충해주세요.,영어,공통,line42
BGM 미니테스트는 어떻게 활용해야 하나요?,"주 2회 모의고사, 4회 미니테스트는 꼭 지켜주시고, 틀린 문제는 며칠 후 다시 풀어 복습해주셔야 합니다.",시험준비,공통,line43
수학 다변수 공부는 어떻게 해야 하나요?,"다변수는 4단원부터 어려워지고 5-6단원은 시간이 오래 걸리니, 그림 그리는 연습을 많이 하시고 문풀과 병행해주세요.",수학,이과,line44
서성한 목표하려면 BGM 모의고사 몇 % 안에 들어야 하나요?,상위 10% 안에 들어야 최상위권으로 판단할 수 있습니다. 기출 풀이를 병행하면 성적은 더 올라갑니다.,입시정보,이과,line45
학업계획서는 얼마나 중요한가요?,"학업계획서는 합격에 큰 비중은 없고, 필기 성적이 훨씬 중요합니다. 하루 30분 이내로 나눠 작성하면 됩니다.",입시정보,공통,line46
문법 공부는 어떻게 유지해야 하나요?,"문법은 하루에 10분이라도 꾸준히 암기하고, 문풀로 부족한 부분을 확인하며 매주 1회 이상 복습하세요.",영어,공통,line47
쎄다 회독과 BGM 중 무엇을 우선해야 하나요?,"쎄다 틀린 문제를 먼저 복습하고, 이후 하프테스트로 넘어가는 것이 효율적입니다.",수학,이과,line48
공학수학은 언제 시작해야 하나요?,BGM이 끝나는 즉시 공학수학과 기출 강좌를 병행하시면 됩니다. 교재는 미리 준비해두세요.,수학,이과,line49
공식노트는 꼭 만들어야 하나요?,"네, 수학 공식 노트는 필수로 만들어 주시고 단권화해서 시험 전날까지 보셔야 합니다.",수학,이과,line50
문법 기본 개념은 언제까지 끝내야 하나요?,문법 기본 개념은 4월 첫째 주까지 끝내는 것을 목표로 해주세요.,영어,공통,line51
수학 진도가 느린데 어떻게 해야 하나요?,수학은 밀리면 안 되니 문풀 포함 진도를 순차적으로 꼭 나가주세요.,수학,이과,line52
독해는 언제 시작하는 게 좋을까요?,내일부터 독해를 같이 시작하시면 좋습니다.,영어,공통,line53
모의고사는 꼭 응시해야 하나요?,의무는 아니지만 결과를 보고 커리큘럼을 조정할 수 있으니 권장드립니다.,시험준비,공통,line54
어휘는 매일 해야 하나요?,"네, 어휘는 매일 진행해 주셔야 합니다.",영어,공통,line55
"단단, 고완풀 교재는 언제 풀면 되나요?",개념 강의가 끝나면 예제→유형별→단단→고완풀 순으로 진행하시면 좋습니다.,학습자료,이과,line56
독해 공부할 때 중요한 점은 무엇인가요?,글 내용보다 글 읽는 방법을 정리하고 다른 지문에 적용하는 연습을 해주세요.,영어,공통,line57
수학과 영어 공부 비율은 어떻게 해야 하나요?,5:5 비율로 공부하시면 좋습니다.,학습법,공통,line58
공부할 때 집중이 잘 안 될 때는 어떻게 해야 하나요?,50분 공부 후 10분 휴식을 반복하는 방식으로 루틴을 만들어 주세요.,FAQ,공통,line59
슬럼프가 올 때는 어떻게 대처해야 하나요?,평소보다 공부 시간을 줄이고 산책 등 가벼운 활동으로 리듬을 회복해 주세요.,FAQ,공통,line60
오답노트는 어떻게 작성하는 게 좋을까요?,틀린 문제 → 틀린 이유 → 정답 근거 순으로 기록해 주세요.,학습법,공통,line61
아침에 공부 루틴을 어떻게 가져가야 하나요?,"기상 후 1시간은 암기 과목, 이후엔 수학이나 영어 집중 과목으로 배치하세요.",학습법,공통,line62
공부 스케줄이 밀리면 어떻게 해야 하나요?,밀린 분량을 하루에 몰아서 하기보다 3일 분량으로 나눠 조정하세요.,FAQ,공통,line63
하루 공부 시간은 몇 시간이 적당할까요?,"평균 10시간 이상은 유지해 주시고, 체력에 따라 12시간까지 늘려주세요.",FAQ,공통,line64
수학 공식은 어떻게 정리해야 하나요?,공식 노트를 따로 만들어 시험 전날까지 반복하세요.,수학,이과,line65
고완풀은 언제 시작하는 게 좋나요?,단단 이후에 고완풀을 시작해 주세요.,수학,이과,line66
수학 문제 풀 때 시간이 오래 걸립니다. 해결 방법이 있나요?,"시간을 재면서 풀고, 20분 이상 걸리면 표시 후 넘어가세요.",수학,이과,line67
미적분 복습은 어떻게 하는 게 좋을까요?,매주 일요일 오전에 지난주 배운 단원을 복습하세요.,수학,이과,line68
수학 기출 문제는 언제부터 풀면 좋을까요?,기본 개념을 끝낸 후 6월부터 기출 문제를 시작하세요.,수학,이과,line69
선형대수는 어떤 순서로 공부해야 하나요?,행렬 → 벡터 → 고유값 순으로 학습해 주세요.,수학,이과,line70
영어 단어 암기는 어떻게 하는 게 좋나요?,하루 50단어씩 테스트 후 틀린 단어만 반복하세요.,영어,공통,line71
영어 독해 연습은 어떤 방식으로 해야 하나요?,지문 구조를 표시하고 글의 흐름을 요약해 주세요.,영어,공통,line72
문법 문제집은 몇 회독 해야 하나요?,최소 3회독 이상 진행해 주세요.,영어,공통,line73
리스닝은 어떻게 준비해야 하나요?,매일 30분씩 들으면서 받아쓰기를 병행하세요.,영어,공통,line74
모의고사 오답은 어떻게 정리해야 하나요?,틀린 문제만 모아 별도 파일을 만들어 반복하세요.,시험준비,공통,line75
실제 시험 시간 배분은 어떻게 해야 하나요?,"수학은 60%, 영어는 40% 시간을 배분하세요.",시험준비,공통,line76
시험 전날에는 무엇을 하는 게 좋나요?,공식 노트와 오답노트만 보시고 일찍 주무세요.,시험준비,공통,line77
시험 당일 아침은 어떻게 준비해야 하나요?,평소에 보던 공식 노트 30분만 보고 편하게 가세요.,시험준비,공통,line78
모의고사 점수가 잘 안 나올 때는 어떻게 해야 하나요?,점수보다 오답 유형 분석에 집중하세요.,시험준비,공통,line79
편입 시험은 보통 언제 치러지나요?,대부분 12월 말에서 1월 초 사이에 진행됩니다.,입시정보,공통,line80
편입 전형에서 중요한 요소는 무엇인가요?,영어와 수학 비중이 가장 큽니다.,입시정보,공통,line81
대학별 시험 난이도 차이가 큰가요?,"네, 학교별로 출제 경향이 다르니 기출 분석이 필요합니다.",입시정보,공통,line82
편입 지원은 몇 군데까지 가능한가요?,일반적으로 3~5개 학교를 선택합니다.,입시정보,공통,line83
편입 합격자의 평균 공부 기간은 얼마나 되나요?,평균적으로 1년 정도 준비합니다.,입시정보,공통,line84
플래너 지도는 언제부터 진행되나요?,"네, 03/18부터 학습관리를 시작하겠습니다.",커리큘럼,공통,line85
강의는 어떤 순서로 들어야 하나요?,개념 강의 → 문제풀이 강의 → 기출 강의 순으로 수강하세요.,커리큘럼,공통,line86
패스권은 어떻게 활용하면 좋나요?,본인 약점 과목 위주로 2배속 수강을 권장합니다.,커리큘럼,공통,line87
주간 테스트는 반드시 응시해야 하나요?,"네, 진도 점검을 위해 꼭 응시해 주세요.",커리큘럼,공통,line88
학원 자습실은 어떻게 이용하나요?,예약제로 운영되니 하루 전날 신청하세요.,커리큘럼,공통,line89
어휘장은 어떤 것을 사용하면 좋나요?,인강을 듣는 선생님의 영단어장을 사용하는 것이 좋습니다.,학습자료,공통,line90
수학 참고서는 몇 권 정도 보면 될까요?,"주교재 1권, 보조교재 1권이면 충분합니다.",학습자료,이과,line91
영어 독해 교재는 어떤 게 좋을까요?,EBS 연계 교재로 시작하는 것을 권장드립니다.,학습자료,공통,line92
기출 문제집은 어떻게 활용해야 하나요?,"먼저 기출을 풀고, 약점 파트만 단권화해 두세요.",학습자료,공통,line93
보충 자료는 꼭 활용해야 하나요?,시간이 허락한다면 선택적으로 진행해 주세요.,학습자료,공통,line94
하루 공부시간은 몇 시간이 적당할까요?,10시간 이상을 기본으로 유지하고 체력에 따라 12시간까지 늘려 주세요.,FAQ,공통,line95
공부가 지칠 때는 어떻게 해야 하나요?,50분 집중 후 10분 휴식을 취하는 패턴을 유지하세요.,FAQ,공통,line96
슬럼프가 오면 어떻게 회복할 수 있나요?,하루 정도는 과감히 쉬고 가벼운 산책이나 운동으로 리듬을 회복하세요.,FAQ,공통,line97
성적이 오르지 않아 불안합니다. 어떻게 해야 하나요?,단기 성적보다 오답노트 정리와 꾸준한 루틴을 유지하는 것이 중요합니다.,FAQ,공통,line98
밤에 공부가 잘 안 될 때는 어떻게 해야 하나요?,오전과 오후에 고난도 과목을 배치하고 저녁에는 복습이나 암기 위주로 해주세요.,FAQ,공통,line99
수학 공식은 어떻게 정리하는 게 좋나요?,공식 노트를 따로 만들어 단권화해 주세요.,수학,이과,line100
선형대수 공부는 어떤 순서로 하면 될까요?,행렬 → 벡터 → 고유값 순으로 학습하세요.,수학,이과,line101
미적분 복습은 언제 하면 좋나요?,주말마다 지난 단원을 다시 풀어 보세요.,수학,이과,line102
수학 문제 풀이 속도가 느립니다. 어떻게 해야 하나요?,20분 이상 걸리는 문제는 표시 후 넘어가고 다시 복습하세요.,수학,이과,line103
기출문제는 언제 시작해야 할까요?,6월부터 기출문제를 단계별로 풀어주세요.,수학,이과,line104
영어 단어 암기는 어떻게 해야 하나요?,하루 50개씩 테스트하고 틀린 단어를 반복하세요.,영어,공통,line105
문법 학습은 언제까지 끝내야 하나요?,문법은 파이널까지 꾸준하게 가져가야 합니다.,영어,공통,line106
독해 공부는 어떻게 접근해야 하나요?,지문 구조를 표시하고 요지를 정리하는 습관을 들이세요.,영어,공통,line107
리스닝은 어떻게 준비하면 좋을까요?,매일 30분씩 듣고 받아쓰기를 병행하세요.,영어,공통,line108
문법 문제집은 몇 회독 해야 하나요?,최소 3회독 이상 반복하세요.,영어,공통,line109
모의고사는 꼭 응시해야 하나요?,결과를 통해 학습 전략을 조정할 수 있으니 꼭 응시하세요.,시험준비,공통,line110
시험 전날에는 무엇을 하는 게 좋나요?,공식 노트와 오답노트만 보고 일찍 주무세요.,시험준비,공통,line111
시험 당일 아침은 어떻게 준비해야 하나요?,30분 정도 공식 노트만 확인하고 편하게 이동하세요.,시험준비,공통,line112
실전 시간 배분은 어떻게 하는 게 좋나요?,"수학 60%, 영어 40%로 배분하세요.",시험준비,이과,line113
모의고사 성적이 낮게 나올 때는 어떻게 해야 하나요?,점수보다 틀린 문제의 유형을 분석하는 데 집중하세요.,시험준비,공통,line114
편입 시험은 보통 언제 치러지나요?,대부분 12월 말에서 1월 초 사이에 있습니다.,입시정보,공통,line115
편입 합격자의 평균 공부 기간은 얼마나 되나요?,대부분 1년 이상 준비합니다.,입시정보,공통,line116
편입 지원은 몇 군데까지 가능한가요?,일반적으로 3~5곳 지원합니다.,입시정보,공통,line117
대학별 시험 난이도 차이가 큰가요?,학교마다 출제 경향이 달라 기출분석이 필요합니다.,입시정보,공통,line118
편입 전형에서 가장 중요한 과목은 무엇인가요?,영어와 수학이 핵심입니다.,입시정보,공통,line119
플래너 지도는 언제부터 하나요?,3월 18일부터 관리가 시작됩니다.,커리큘럼,공통,line120
강의는 어떤 순서로 들어야 하나요?,개념 → 문제풀이 → 기출 순으로 진행하세요.,커리큘럼,공통,line121
주간 테스트는 반드시 봐야 하나요?,진도 점검을 위해 꼭 보셔야 합니다.,커리큘럼,공통,line122
패스권은 어떻게 활용하나요?,약점 과목을 2배속으로 수강하는 것을 권장합니다.,커리큘럼,공통,line123
자습실은 어떻게 이용할 수 있나요?,하루 전 예약제로 운영됩니다.,커리큘럼,공통,line124
오답노트는 어떻게 작성해야 하나요?,틀린 문제 → 이유 → 정답 근거 순으로 정리하세요.,학습법,공통,line125
하루 공부 루틴은 어떻게 짜야 하나요?,"오전엔 암기 과목, 오후엔 수학·영어 집중, 저녁엔 복습으로 구성하세요.",학습법,공통,line126
공부 스케줄이 밀리면 어떻게 해야 하나요?,3일 분량으로 나눠 조정하세요.,학습법,공통,line127
공부할 때 집중이 안 될 때는 어떻게 해야 하나요?,"50분 공부, 10분 휴식 주기를 반복하세요.",학습법,공통,line128
시험 전 한 달은 어떻게 공부해야 하나요?,오답노트와 기출 문제 위주로 정리하세요.,학습법,공통,line129
단단과 고완풀은 언제 풀면 되나요?,개념 학습 후 예제 → 유형별 → 단단 → 고완풀 순으로 진행하세요.,학습자료,이과,line130
어휘장은 어떤 걸 쓰면 좋나요?,기본 3300 단어장을 추천합니다.,학습자료,공통,line131
수학 참고서는 몇 권 준비해야 하나요?,"주교재 1권, 보조교재 1권이면 충분합니다.",학습자료,이과,line132
영어 독해 교재는 무엇이 좋은가요?,EBS 연계 교재로 시작하세요.,학습자료,공통,line133
기출문제집은 어떻게 활용해야 하나요?,먼저 풀고 약점 파트를 단권화하세요.,학습자료,공통,line134
BGM 진도와 블랙 강의는 어떻게 병행하면 좋을까요?,"BGM을 하는 날에는 블랙을 줄이고, 블랙을 하는 날에는 BGM을 줄여서 균형 있게 병행해주시면 됩니다.",수학,이과,line135
영어 단어 암기 방법에 정답이 있나요?,"여러 방법이 있지만 정답은 없고, 본인에게 맞는 방법을 찾는 것이 중요합니다. 무조건 많이 보고 반복하는 것이 가장 중요합니다.",영어,공통,line136
"단어 암기가 힘들고, 손목이 아픈데 어떻게 해야 하나요?","눈으로 보고, 엑셀/노트로 오답 단어만 관리하며 반복하세요. 퀴즐렛 어플로 게임, 카드 등 다양한 방식도 병행해보세요.",영어,공통,line137
강의는 밀려도 몰아서 들을 수 있나요?,"강의는 어느 정도 몰아서 들어도 되지만, 단어 암기는 반드시 매일 조금씩 반복해야 효과적입니다.",학습법,공통,line138
하루 영어 단어 목표 암기량은 어느 정도가 적당한가요?,"하루 3챕터씩 2개(101, 201, 301 중 선택)를 기본으로, 무리가 되면 하루 2챕터로 조정 가능합니다.",영어,문과,line139
몸이 아프거나 급한 일정이 생겨 공부를 못했을 때 어떻게 해야 하나요?,"컨디션이 좋지 않거나 일정이 많을 때는 최소한 단어만이라도 꼭 챙기고, 이후 진도를 따라가면 됩니다.",학습법,공통,line140
학교/과제/시험과 병행할 때 편입 공부는 어떻게 해야 하나요?,"시험, 과제 등 바쁜 시기에는 편입 공부량을 줄이고, 단어와 인강 1강 정도만이라도 챙기는 것이 좋습니다.",학습법,공통,line141
"편입영어 인강과 데일리테스트, 논리·문법 공부는 어떤 순서로 진행하나요?","우선 단어→논리 강의→문법 강의→데일리테스트 순으로, 매일 기본 루틴을 반복하세요.",커리큘럼,문과,line142
공부 계획은 어떻게 세우면 좋을까요?,"하루 목표를 단어/강의/테스트 등으로 세분화하고, 가능한 만큼 지키되 융통성 있게 조정하면 좋습니다.",학습법,공통,line143
환불을 고민할 때 관리 시스템의 장점은 무엇인가요?,"데일리테스트, 플래너, 밴드 관리, 다양한 자료 등 혼자 준비할 때보다 계획, 루틴, 실력 점검 등에서 체계적인 도움을 받을 수 있습니다.",커리큘럼,공통,line144
"편입 영어 단어는 어떤 교재로, 어떻게 외우면 좋나요?","이과 학생은 'mvp', '보카바이블', '김신근 보카 프로파일러lv1' 단어장 등에서 표제어 위주로 1~2회독만 해도 충분합니다. 교재가 오기 전까지는 mvp와 데일리테스트 등으로 암기를 시작하세요.",영어,이과,line145
"영단어 암기는 하루에 얼마나, 어떻게 해야 하나요?","mvp 기준으로 하루 day4(200단어) 외우는 것이 기본이지만, 부담될 경우 day2~3으로 조정해도 괜찮습니다. 첫 회독 목표는 표제어 50% 암기이며, 2~3회독째 70~80%까지 늘려갑니다.",영어,이과,line146
영단어 암기 시간이 너무 오래 걸리는데 완벽하게 외워야 하나요?,완벽하게 외우는 것보다 반복이 중요합니다. 시험 전까지 여러 번 회독할 수 있으니 1회독은 50%만 목표로 잡아도 충분합니다.,영어,공통,line147
단어장이 몇 회독 정도 되어야 충분한가요?,"시험 전까지 계속 회독해야 하며, mvp 단어장 1, 2권만 제대로 외워도 단어는 어느 정도 됩니다. 상반기에 1권 확실히 외우는 게 목표입니다.",영어,이과,line148
"영어 문법, 독해, 논리 중 어떤 순서로 인강을 들어야 하나요?","기본 실력 향상을 위해 노베탈출 강의(문법, 독해)부터 듣고, 이후 lv1(문법/독해/논리)로 넘어가는 것이 좋습니다. 교재가 오면 인강과 병행하세요.",영어,이과,line149
하루 공부 시간과 과목별 비중은 어떻게 배분해야 하나요?,"영어:수학=4:6 비율로, 영어는 하루 최대 2시간 투자하는 것이 적절합니다. 시간은 유동적으로 조정하며, 각자 상황에 맞춰 집중 투자하세요.",학습법,이과,line150
군복무·일정 등으로 시간 확보가 어려울 때 최소한 챙길 공부는?,"바쁜 날에도 영단어 암기, 수학 인강 1강만이라도 꼭 챙기고, 여유 있을 때 진도와 복습을 병행하세요.",학습법,공통,line151
수학 진도와 복습은 어떻게 병행하면 좋나요?,"진도와 복습을 동시에 진행하되, 진도에 치우치지 않도록 문제풀이, 오답노트, 개념 정리를 병행하세요. 시간이 부족할 땐 복습에 집중해도 됩니다.",수학,이과,line152
편입 수학 공식은 어떻게 암기·정리하는 게 효과적인가요?,"날을 잡고 빈 종이에 아무것도 안 보고 삼각함수, 미분, 적분 등 공식과 개념을 모두 적어보는 식으로 정리하면 본인의 약점을 파악하는 데 효과적입니다.",수학,이과,line153
"데일리테스트, 위클리테스트 등은 어떻게 활용해야 하나요?","데일리테스트는 단어 복습, 위클리테스트는 수학 진도 점검 및 오답 정리에 활용하세요. 틀린 문제는 별도 정리해서 다시 풀어보는 게 중요합니다.",시험준비,공통,line154
"모의고사는 언제부터 응시하고, 어떻게 활용해야 하나요?","수학 진도가 미적분까지 나가면 김영 모의고사 등 응시, 영어는 단어/강의 기본만 챙겨도 모의고사 보는 것이 실전감각 익히기에 좋습니다. 점수에 연연하기보다 오답과 유형 파악이 중요합니다.",시험준비,공통,line155
실제 시험과 모의고사 난이도 및 유형은 얼마나 유사한가요?,"김영 모의고사 영어는 실제 시험과 난이도가 유사하며, 수학은 학교별 난이도 차가 크지만 김영 모의고사 수학은 쉬운 편입니다.",시험준비,이과,line156
"공부 루틴이 무너졌거나, 번아웃·슬럼프일 때 대처법은?","공부 못한 날이 있더라도 자책하지 말고 다시 시작하면 됩니다. 주말엔 4~5시간 목표, 단어라도 매일 반복하세요.",학습법,공통,line157
"휴가, 훈련 등 일정이 많을 때 어떻게 계획하면 좋나요?","휴가, 훈련 중에는 쉬는 시간 1/3~1/2만 공부에 투자하고, 나머지는 휴식에 써도 됩니다. 약속이 있을 때는 전후 시간 최대한 활용하세요.",학습법,공통,line158
영어·수학 문제풀이/오답 정리는 어떻게 하는 게 좋나요?,"틀린 문제는 파트별로 정리, 해설 강의로 다른 풀이법도 참고, 오답의 원인과 정답의 근거를 찾아보는 연습이 중요합니다.",학습법,공통,line159
수학 복습은 어떤 점에 중점 두면 좋나요?,"같은 문제를 여러 방법(치환, 부분적분 등)으로 접근해보고, 공식/개념은 여러 각도에서 적용하는 연습이 실력 향상에 도움 됩니다.",수학,이과,line160
"편입 영어 단어장은 어떻게 선택하고, 어떤 방식으로 외워야 하나요?","문과 학생은 'mvp', '보카바이블', '김신근 프로파일러' 단어장 중 표제어 위주로 여러 번 반복 암기가 가장 효과적입니다. 첫 회독은 50% 정도 암기를 목표로 하고, 이후 동의어/반의어는 2회독부터 챙기면 됩니다.",영어,문과,line161
"단어 암기가 너무 힘들고 오래 걸리는데, 완벽하게 외워야 하나요?","단어는 완벽하게 외우기보다 여러 번 반복하는 것이 더 중요합니다. 1회독 때는 모르는 단어 위주로, 여러 번 보다 보면 자연스럽게 외워집니다.",영어,공통,line162
단어장 회독은 어떻게 해야 하나요?,"mvp나 보카바이블 등 여러 단어장을 병행할 때, 한 권씩 집중해서 1회독한 뒤 다른 권으로 넘어가는 방식이 효율적입니다. 회독 후에는 그 안에서 모르는 단어만 다시 복습하세요.",영어,문과,line163
일과 병행하며 공부할 때 시간 확보와 최소 루틴은 어떻게 해야 하나요?,"바쁜 날에는 단어 암기, 인강 1강만이라도 반드시 챙기고, 여유 있을 때 진도와 복습을 추가로 진행하세요. 꾸준히 최소 루틴만 지켜도 장기적으로 효과가 있습니다.",학습법,공통,line164
단어를 매일 외워야 하나요?,"네, 단어는 매일 반복하는 것이 가장 중요합니다. 단어 암기량이 부담될 경우 하루에 1~2강씩, 주말에 더 많이 챙기면 됩니다.",영어,공통,line165
"문법, 독해, 논리 인강과 단어 암기는 어떤 순서와 방식이 좋나요?","문과 기준으로 인강은 lv1(문법, 독해, 논리) → lv2(고난도/응용) 순서로 듣고, 단어는 매일 꾸준히 암기하는 것이 좋습니다.",커리큘럼,문과,line166
모의고사 성적 분석과 오답 활용은 어떻게 하면 되나요?,"모의고사는 점수에 너무 연연하지 말고, 틀린 문제의 원인(어휘, 문법, 논리, 독해 등)을 파악한 뒤 오답노트에 정리하세요. 시험 전까지 반복 복습이 중요합니다.",시험준비,공통,line167
공부 루틴이 무너졌거나 컨디션이 안 좋을 때 최소 챙길 것은?,"건강이 우선이므로 무리하지 말고, 단어 암기만이라도 챙기고 컨디션 회복 후 진도와 복습을 따라잡으면 됩니다.",학습법,공통,line168
교환학생 학점이나 계절학기 등 학점 관련 문의는 어떻게 해야 하나요?,대학마다 인정 여부가 다르기 때문에 반드시 지원 대학 입학처에 직접 문의해서 정확히 확인하는 것이 가장 좋습니다.,입시정보,공통,line169
단어 암기에 활용할 수 있는 앱이나 도구가 있나요?,퀴즐렛(Quizlet) 등 단어 암기 앱을 활용하면 반복 학습에 효과적입니다.,영어,공통,line170
강의 선택 및 레벨 배정 기준이 있나요?,"문과는 주로 김신근, 정병권 강사의 인강을 활용하며, 실력에 따라 레벨 1부터 시작해 점차 레벨을 올립니다. OT 강의를 들어보고 본인에게 맞는 강사를 선택하면 됩니다.",커리큘럼,문과,line171
"모의고사에서 장문 독해, 순서/삽입 문제 오답이 많을 때 보완 방법은?","장문 독해는 어휘력 부족에서 오는 경우가 많으니 단어 암기에 더 투자하고, 순서/삽입 파트는 문제를 반복적으로 풀면서 단서 찾는 연습을 하세요.",시험준비,문과,line172
문법 공부가 부족한 것 같은데 어떻게 복습해야 하나요?,"강의에서 다룬 기출/중요 문법을 위주로 오답 정리를 하고, 문법은 너무 지엽적인 부분까지 깊게 파지 말고 실전 문제를 풀면서 보충하는 방식이 좋습니다.",영어,문과,line173
정병권 단어장과 보카바이블을 병행해야 하나요?,"이미 정병권T 단어장 회독을 진행했다면, 보카바이블에 시간을 더 투자해 단어의 폭을 넓히는 것도 좋습니다. 보카바이블 1회독 후 정병권 단어장으로 돌아가도 괜찮습니다.",영어,이과,line174
단어장(정병권/보카바이블) 회독과 암기 비율 목표는 어떻게 되나요?,"상반기엔 101~301, 보카바이블 A권을 중점적으로 암기하며, 2회독 때 60~70% 암기, 101은 85%, 301은 60% 수준을 목표로 합니다. B권은 하반기에 데일리테스트와 병행하는 것이 효율적입니다.",영어,이과,line175
영어 단어 암기를 효과적으로 하는 방법이 궁금합니다.,"퀴즐렛 등 암기 앱 활용, 매일 반복, 파생어·동의어는 2회독 때 암기, 모르는 단어는 별도 정리해서 자주 복습하는 것이 좋습니다.",영어,공통,line176
영어 문법/논리/독해 인강과 단어 암기는 어떤 순서와 루틴이 좋은가요?,"문법 개념 완강 후 논리 101, 단독·장독 101 순서로 진도, 단어는 매일 반복, 각 파트별 개념·문제 모두 꼼꼼히 복습해야 실력이 쌓입니다.",커리큘럼,이과,line177
문법 교재 복습은 어떻게 해야 하나요?,"1주에 6챕터씩 복습하여 6월까지 3회독, 101은 개념, 201/301은 문제 위주로 여러 번 풀면서 약점 파악 및 반복 복습이 효과적입니다.",영어,공통,line178
"학교 수업과 편입 공부를 병행할 때, 시간 배분은 어떻게 하나요?","전공 공부 3시간, 편입 공부 6~7시간 등 상황에 맞게 배분, 진도가 너무 안 나갈 땐 전공 시간을 줄여 편입에 투자, 시험기간에는 단어 암기 등 최소 루틴만 유지합니다.",학습법,공통,line179
수학 진도/복습/문제풀이의 효율적인 루틴은 무엇인가요?,"단원 개념 강의-노트정리-유형별/심화별-하프테스트/고완풀 순서로 진행, 복습은 진도와 병행, 문제는 유형별·심화별로 반복 풀이, 틀린 문제는 오답노트에 기록해 복습",수학,이과,line180
"수학(선형대수, 급수, 적분 등)에서 어려운 파트는 어떻게 준비하면 좋을까요?","새로운 단원(선형대수 등)은 강의와 병행, 기초 단원은 반복 복습, 급수·미분 응용 등은 다양한 문제 유형 경험, 하프테스트/고완풀 등 실전 문제풀이 반복",수학,이과,line181
"위클리테스트, 데일리테스트는 어떻게 활용하는 게 좋나요?","위클리테스트는 50분 내에 실제 시험처럼 풀고, 오답 복습과 피드백 확인, 데일리테스트는 단어와 복습 위주로 활용",시험준비,공통,line182
"모의고사는 언제부터, 어떤 목적으로 응시하면 좋나요?","진도 중간마다, 성적·문제 유형 파악과 실전 감각, 틀린 문제/약점 분석에 중점, 점수보단 오답 분석이 더 중요합니다.",시험준비,공통,line183
단어를 매일 외워야 하나요?,"네, 단어는 매일 반복 암기하는 것이 가장 중요하며, 암기량이 부담되면 하루 최소량만, 주말에 보충하는 방식도 좋습니다.",영어,공통,line184
시험기간·컨디션 저하 시 최소 루틴은?,"단어 암기와 인강 1강만이라도 꼭 챙기고, 이후 진도·복습을 따라가는 것이 좋습니다.",학습법,공통,line185
모의고사 성적표는 어떻게 분석하고 오답은 어떻게 활용해야 하나요?,"틀린 문제의 파트(어휘, 문법, 논리, 독해 등) 파악, 오답노트 작성, 문제별로 왜 틀렸는지 분석 후 근거 찾는 연습이 중요합니다.",시험준비,공통,line186
컨디션 저하·아플 때 공부는 어떻게 하나요?,"건강이 우선, 단어만이라도 챙기고 컨디션 회복 후 진도 따라가면 됩니다.",학습법,공통,line187
정병권 단어장 단어 암기는 어떻게 하면 되나요?,첫 회독은 표제어 50% 암기를 목표로 하세요. 여러 번 반복해서 회독하면 자연스럽게 암기율이 올라갑니다.,영어,문과,line188
단어 암기 방법은 어떻게 해야 효과적인가요?,"하루에 2~3챕터씩 외우고, 반복 회독하며 모르는 단어는 따로 정리하여 자주 복습하세요. 암기 앱(퀴즐렛) 활용도 추천합니다.",영어,공통,line189
"학교, 시험, 과제와 병행할 때 최소 루틴은 무엇인가요?","바쁠 때는 단어 암기만이라도 꼭 챙기고, 시간 여유 있을 때 인강과 문제풀이까지 추가하세요.",학습법,공통,line190
"단어장 101, 201, 301은 어떻게 회독해야 하나요?","상반기에는 101~301을 계속해서 반복 회독하세요. 1회독은 101-301, 2회독은 201-301, 그 후에는 301 등으로 순환하며 반복하면 좋습니다.",영어,문과,line191
단어 외우는 데 시간이 오래 걸리거나 부담될 땐 어떻게 해야 하나요?,100% 암기를 목표로 하기보다 50~70%만 외우고 회독을 늘리면 자연스럽게 암기율이 오릅니다.,영어,공통,line192
문법/논리/독해 인강은 어떤 순서로 듣는 게 좋은가요?,"문법 완강 후 논리, 단독, 장독 순서로 듣고, 강의 후에는 복습 및 오답정리를 꼭 하세요.",커리큘럼,문과,line193
"시험기간, 컨디션 저하 등으로 공부량이 줄 때는 어떻게 해야 하나요?","몸이 안 좋거나 일정이 많으면 단어 암기만이라도 꼭 챙기고, 컨디션 회복 후 진도와 복습을 따라가세요.",학습법,공통,line194
모의고사와 실전시험 대비 방법은 어떻게 해야 하나요?,"모의고사 신청은 꼭 챙기고, 오답 분석할 때는 파트별로 약점과 원인을 정리하여 복습하세요. 점수에 집착하기보다 틀린 문제 파악이 중요합니다.",시험준비,공통,line195
논리/독해가 어렵게 느껴질 때 어떻게 접근하면 좋나요?,"논리, 독해는 단어 암기가 뒷받침되어야 하며, 매일 꾸준히 강의 듣고 문제를 반복해서 풀어보는 것이 중요합니다.",영어,문과,line196
강의 수강 및 교재 구매는 어떤 순서로 진행하나요?,"OT를 들은 후 강사와 커리큘럼을 정하고, 정병권 문법101, 논리101 등 교재를 차례대로 구매해 진도를 따라가면 됩니다.",커리큘럼,문과,line197
시험기간이라 공부를 많이 못했는데 어떻게 해야 할까요?,시험기간에는 최소 공부량만 유지하시고 단어와 강의 1개 정도만 꼭 챙겨주세요.,FAQ,공통,line198
학교와 시험을 병행하느라 시간이 부족한데 어떻게 공부해야 할까요?,학교 일정 때문에 시간이 부족하다면 단어 정도는 꼭 챙기고 남는 시간에 강의나 문제풀이를 병행하세요.,FAQ,공통,line199
과제가 많아 공부를 다 못할 것 같아요. 어떻게 해야 하나요?,"시간이 안 나면 최소한 단어는 꼭 챙겨주시고, 여유가 나면 조금씩 진도를 따라가면 됩니다.",FAQ,공통,line200
전날 공부를 못했는데 오늘 어떻게 보충하면 좋을까요?,어제 못한 부분은 오늘 최대한 챙기고 계획 지켜서 보충해주시면 됩니다.,FAQ,공통,line201
공부시간이 줄었을 때 어떻게 대처해야 할까요?,"시간이 줄었을 때는 단어와 핵심 강의만 우선 챙기고, 이후 보충 시간을 활용하세요.",FAQ,공통,line202
영어 독해 인강은 어떻게 듣는 게 좋을까요?,"하루에 최소 1강씩 꾸준히 들어주시고, 들은 강의는 반드시 복습하며 문법과 단어를 같이 챙겨주세요.",영어,공통,line203
영어 성적을 올리려면 무엇을 집중해야 할까요?,단어 암기와 인강을 꾸준히 챙겨주시고 모의고사 성적 분석을 통해 부족한 파트를 보완하세요.,영어,공통,line204
영어 문법이 남았는데 어떻게 끝내야 할까요?,하루에 챕터 단위로 나눠서 꾸준히 학습하시고 남은 강의는 1~2주 내로 완강 목표를 세워주세요.,영어,공통,line205
선형대수가 너무 어렵습니다. 어떻게 공부하면 좋을까요?,"선형대수는 개념 영상을 여러 번 보고, 예제와 심화 문제를 반복 풀이하면서 개념을 문제에 적용해보세요.",수학,이과,line206
선형사상 개념은 알겠는데 문제풀이가 어렵습니다.,"해설 영상을 보며 풀이 과정을 꼼꼼히 따라가고, 비슷한 문제를 반복해서 풀어보며 감을 익히세요.",수학,이과,line207
다변수미적분은 언제부터 시작하는 게 좋을까요?,"기존 복습이 끝나는 시점부터 바로 시작하시고, 진도는 빠르게 나가되 복습을 병행하세요.",수학,이과,line208
수학 데일리테스트는 어떻게 활용하면 좋을까요?,8문제 전부 풀어보고 틀린 문제는 오답노트로 정리해 반복 학습하세요.,수학,이과,line209
수학 점수를 올리려면 무엇에 집중해야 할까요?,"문제를 최대한 많이 풀고, 풀었던 문제도 다시 반복해서 복습하면서 실수를 줄이는 데 집중하세요.",수학,이과,line210
김영 모의고사는 왜 꼭 신청해야 하나요?,현재 위치를 파악하고 공부 방향을 점검할 수 있으니 반드시 응시해주시는 게 좋습니다.,시험준비,공통,line211
모의고사 결과는 어떻게 활용하면 좋을까요?,결과에서 틀린 문제를 분석하고 부족한 파트를 보완하는 학습 전략을 세우세요.,시험준비,공통,line212
시험기간 공부량은 어떻게 조절해야 할까요?,시험기간에는 최소 단어와 강의 1개를 유지하면서 무리하지 않는 범위에서 학습하세요.,시험준비,공통,line213
효율적인 공부 루틴을 만들려면 어떻게 해야 할까요?,"오전·오후 시간을 나눠서 루틴을 정하고, 매일 플래너에 맞춰 계획을 실천하세요.",학습법,공통,line214
문제풀이를 잘하려면 어떻게 해야 할까요?,공식을 단순 암기하지 말고 어떤 상황에서 어떤 개념을 써야 하는지 항상 고민하며 연습하세요.,학습법,이과,line215
계산 실수를 줄이는 방법이 있을까요?,"빈 종이에 풀이 과정을 적으며 연습하고, 오답노트에 계산 실수 유형을 따로 정리해 반복 확인하세요.",학습법,공통,line216
복습은 어떤 방식으로 하는 게 가장 효과적일까요?,"강의, 문제, 오답노트를 순환하면서 최소 2회 이상 반복하세요.",학습법,공통,line217
교재는 어떤 순서로 공부하면 좋을까요?,기본 개념서를 1회독 한 뒤 심화 문제집과 모의고사로 확장해가면 좋습니다.,커리큘럼,공통,line218
다변수와 선형대수 복습은 어떻게 병행해야 할까요?,"강의가 올라오면 바로 듣고, 올라오지 않은 시간에는 복습과 오답정리를 병행하세요.",커리큘럼,이과,line219
레벨2 교재는 언제 시작하면 좋을까요?,기존 진도를 안정적으로 마친 후 바로 레벨2 교재를 병행하세요.,커리큘럼,공통,line220
단어장은 어떻게 활용해야 할까요?,"매일 일정량을 정해 암기하시고, 틀린 단어는 오답노트에 따로 기록해 반복 확인하세요.",학습자료,공통,line221
노트정리는 어떻게 하는 게 좋을까요?,빈 종이에 아는 내용을 전부 적어보면서 스스로 개념을 점검하고 부족한 부분을 채우세요.,학습자료,공통,line222
복습용 문제집은 어떤 걸 챙기면 좋을까요?,"데일리테스트, 위클리테스트, 류승민 선생님 문제집 등 반복 연습이 가능한 자료를 활용하세요.",학습자료,이과,line223
모의고사에서 수학 성적이 아쉬운데 어떻게 해야 하나요?,앞부분 미적분 파트에서 계산 실수를 줄이고 문제풀이를 늘려주시면 좋습니다. 데일리·위클리테스트를 활용해 꾸준히 연습해보세요.,수학,이과,line224
영어 모의고사 성적을 더 올리려면 어떻게 해야 하나요?,단어는 매일 암기하시고 모의고사에서 몰랐던 단어는 체크하세요. 독해와 논리는 계속 풀면서 인강과 문풀을 병행하시면 좋습니다.,영어,공통,line225
주말에는 어떻게 공부 시간을 확보하면 좋을까요?,"평일보다 시간이 많으니 영어 강의와 문풀을 추가하시고, 계획보다 일찍 끝나면 추가 과목을 챙겨주세요.",FAQ,공통,line226
선형대수 벡터공간과 고유치 파트가 너무 어려운데 어떻게 공부해야 하나요?,개념 설명 강의를 다시 듣고 빈 종이에 직접 정의를 적어보세요. 이해가 안 되면 해설지를 참고해 풀이 과정을 외우는 것도 좋습니다.,수학,이과,line227
단어 암기를 어느 정도 수준까지 해야 하나요?,"보카바이블 기준 표제어 90% 이상은 숙지하시고, 여유가 되면 MVP 시리즈나 다른 보카 교재를 추가해주시면 좋습니다.",학습자료,공통,line228
공수(공학수학) 공부는 어떻게 해야 하나요?,"공식과 암기할 내용이 많으니 당일 복습을 반드시 하시고, 중요한 공식은 별도로 정리해 반복 암기해주세요.",수학,이과,line229
가족 행사나 컨디션 때문에 공부를 못했을 때는 어떻게 해야 하나요?,"그다음 날에는 영어와 수학 문풀을 우선적으로 챙기고, 이동 중에는 퀴즐렛 같은 앱으로 단어를 반복해보세요.",FAQ,공통,line230
미적분 문제 접근이 어려운데 하루에 몇 문제 정도 풀면 좋을까요?,"미적분, 선형대수, 다변수 각각 하루에 최소 5문제 이상 풀어보시고 어려운 유형은 오답노트에 정리해 반복하세요.",수학,이과,line231
여름 방학 동안 수학 실력을 더 키우려면 어떤 자료를 활용해야 하나요?,"류승민T 위클리, 밴드 데일리테스트, 장황T bgm 문풀 과정처럼 심화 문제집을 활용해 문제풀이 비중을 늘려주세요.",학습자료,이과,line232
보카바이블 단어 외울 때 동의어나 유사어도 다 외워야 하나요?,"첫 회독은 표제어 위주로 외우고, 다음 회독부터 동의어나 유사어를 추가로 외우시면 됩니다.",영어,공통,line233
정병권 강사님 단어장은 어느 정도 외워야 하나요?,"정병권 단어장은 101, 201, 301 세 권만 잘 챙기시면 충분합니다. 하루에 101, 301에서 각각 1챕터씩 외우는 걸 권장드립니다.",영어,공통,line234
"정병권 101,301 단어 외우기가 힘든데 어떻게 해야 하나요?","첫 회독은 50% 암기를 목표로 하고, 여러 번 회독하면서 완성도를 높여가시면 됩니다.",영어,공통,line235
데일리 테스트에서 단어를 10개 정도 틀리는데 괜찮을까요?,틀린 단어는 따로 표시해 보충 암기하시고 꾸준히 반복하시면 괜찮습니다.,영어,공통,line236
영단어 외우는 데 시간이 너무 오래 걸리는데 괜찮을까요?,"단어는 중요하니 꾸준히 시간을 투자하시되, 빠른 스키밍 복습으로 기억을 자주 환기해주세요.",영어,공통,line237
영어 독해·논리 강의는 어떤 순서로 듣는 게 좋을까요?,"처음엔 노베이스 강의로 시작해 개념을 잡고, 이후 레벨 1 강의로 넘어가시면 좋습니다.",영어,공통,line238
밴드 데일리 테스트는 꼭 해야 하나요?,데일리 테스트는 현재 단어 암기 상태를 확인하는 데 효과적이니 꾸준히 병행해주세요.,영어,공통,line239
영어 문법 문제는 어떻게 풀어야 하나요?,"문제를 풀면서 틀린 부분은 바로 이유를 정리하고, 유사 문제를 다시 풀어보며 감각을 익히세요.",영어,공통,line240
선형대수 강의를 끝냈는데 다변수로 넘어가도 될까요?,선형대수와 미적분 복습을 충분히 한 후 다변수로 넘어가시는 것이 좋습니다.,수학,이과,line241
인강 1시간 30분짜리 들으면 복습은 몇 시간 정도 해야 할까요?,보통 1:1 비율로 복습하는 것이 좋습니다. 경우에 따라 일주일 정도 복습에만 투자해도 괜찮습니다.,학습법,공통,line242
복습을 제대로 하고 있는지 잘 모르겠습니다.,노트정리와 회독을 반복하면서 개념을 빈 종이에 직접 써보는 연습을 해보세요. 공식과 그래프를 암기하는 것도 좋습니다.,학습법,이과,line243
선형대수 고유치 단원은 어떻게 공부해야 하나요?,강의를 다시 듣고 문제를 직접 풀면서 개념을 반복 확인하세요. 고유치는 중요하니 최소 2회 이상 복습이 필요합니다.,수학,이과,line244
노트정리는 꼭 해야 하나요?,"네, 노트정리는 개념을 정리하고 다시 보는 데 큰 도움이 되니 반드시 하시는 게 좋습니다.",학습법,공통,line245
미적분 복습은 어떻게 하는 게 좋을까요?,강의와 노트정리를 병행하면서 문제를 여러 번 풀어 개념을 확실히 익히세요.,수학,이과,line246
선형대수 필기노트를 받을 수 있을까요?,"학원에서 제공하는 필기노트가 있으니 참고하시되, 본인만의 노트정리를 병행하시는 것이 가장 좋습니다.",학습자료,이과,line247
모의고사 오답은 어떻게 해야 하나요?,"틀린 문제를 표시하고 다시 풀어본 뒤, 해설 강의를 확인하세요. 영어는 틀린 선지를 고른 이유와 정답 근거를 정리하세요.",시험준비,공통,line248
모의고사에서 성적이 잘 안 나왔습니다. 어떻게 해야 할까요?,"수학은 개념 회독과 노트정리를 반복하고, 영어는 독해와 논리 강의를 병행하며 오답노트를 만들어 보세요.",시험준비,공통,line249
위클리 문제는 꼭 풀어야 하나요?,위클리 문제는 복습 상태를 점검하는 데 유용하니 꼭 풀고 피드백을 받아보시길 권합니다.,시험준비,공통,line250
경희대는 토익 점수가 얼마나 필요할까요?,"경희대는 수학 90%, 토익 10% 비중입니다. 지금은 영어와 수학에 집중하시고 후반기에 토익 문제집으로 준비해도 700~800점 이상 가능합니다.",입시정보,공통,line251
편입 수학은 어느 정도까지 깊게 공부해야 하나요?,최상위권 대학이 아니라면 지나치게 깊게보다는 기본 개념과 공식을 충실히 익히는 것이 더 효과적입니다.,입시정보,이과,line252
수업 진도가 늦는 건 아닌가요?,현재 진도는 정상 속도입니다. 복습과 개념 정리에 집중하는 것이 더 중요합니다.,커리큘럼,이과,line253
다변수 강의는 언제부터 듣는 게 좋을까요?,정규 커리큘럼에 맞춰 5월부터 시작하시면 충분합니다.,커리큘럼,이과,line254
필기노트는 꼭 제출해야 하나요?,필기노트는 제출용이라기보다 본인 학습을 위해 반드시 정리하시는 게 좋습니다.,커리큘럼,공통,line255
공부 시간을 어떻게 늘려야 할까요?,공강이나 저녁 시간을 활용해 1시간만 더 투자해보세요. 작은 습관의 누적이 효과적입니다.,학습법,공통,line256
단어를 매일 못 보면 어떻게 하나요?,"인강은 몰아서 할 수 있지만 단어는 매일 반복이 중요하니, 5분이라도 스키밍 하시는 게 좋습니다.",학습법,공통,line257
학교 병행 중 공부를 어떻게 해야 하나요?,"수업 있는 날은 복습과 단어 위주로, 공강이나 주말에는 진도를 빼는 방식으로 시간 배분하세요.",학습법,공통,line258
오답노트는 어떻게 작성하는 게 좋을까요?,"틀린 파트, 틀린 이유, 정답 근거 순으로 간단히 정리하면 효과적입니다.",학습법,공통,line259
단어장은 어떤 걸 우선순위로 외워야 하나요?,"보카바이블로 시작해 기초를 다지고, 정병권 101·301 단어를 병행하세요.",학습자료,공통,line260
추가 문제 자료는 어디서 볼 수 있나요?,밴드에서 제공하는 위클리 문제와 데일리 테스트를 활용하세요.,학습자료,공통,line261
영어 단어 암기가 잘 안되는데 어떻게 하나요?,"첫 회독은 50% 암기를 목표로 하고, 꾸준히 반복하면서 익히세요.",영어,공통,line262
다변수미적분 공부가 어렵고 계산이 많이 틀리는데 어떻게 해야 하나요?,"계산 실수 줄이려면 노트 정리와 복습을 꾸준히 하고, 한 문제당 최대 20~30분 투자하면서 끝까지 풀어보세요.",수학,이과,line263
미적분과 선형대수 복습을 어떻게 병행하면 좋을까요?,진도 나가는 것도 중요하지만 미적분과 선형대수는 매일 복습 시간을 따로 확보해서 틀린 문제 위주로 다시 풀어보세요.,수학,이과,line264
수학 실력이 부족한데 어떻게 실력을 올릴 수 있을까요?,"어려운 문제는 30분~1시간 고민하면서 풀이 과정을 끝까지 따라가 보시고, 같은 문제를 여러 방식으로 풀어보는 연습을 해보세요.",수학,이과,line265
영어 진도가 느린데 어떻게 해야 할까요?,"영단어는 매일 꾸준히 외우시고, 인강을 통해 독해·논리·문법을 병행하세요. 문제 풀이도 반드시 포함해 주시기 바랍니다.",영어,공통,line266
영어 인강은 어떤 방식으로 챙기면 좋을까요?,"인강을 듣고 난 후에는 반드시 문제 풀이로 적용해보시고, 단어 암기는 매일 일정 분량을 정해 반복하세요.",영어,공통,line267
모의고사를 응시하지 못했는데 어떻게 보완하면 좋을까요?,"모의고사를 놓쳤다면 스스로 시간을 정해 실제 시험처럼 응시하고, 오답노트를 만들어 복습하세요.",시험준비,공통,line268
모의고사 성적이 잘 안 오를 때 어떻게 해야 하나요?,"틀린 파트를 정확히 기록하고, 오답노트를 통해 이유→정답 근거를 정리하세요. 복습을 반복하면서 정답률을 끌어올리면 됩니다.",시험준비,공통,line269
공부 시간을 늘리려면 어떻게 해야 할까요?,공강이나 주말을 활용해서 오전 시간을 집중적으로 사용하세요. 하루 최소 6:4 비율로 주요 과목과 복습을 배분해 보세요.,학습법,공통,line270
효율적으로 복습하는 방법이 있을까요?,"틀린 문제는 오답노트로 정리하고, 복습은 하루→3일→일주일 간격으로 반복하면 기억에 오래 남습니다.",학습법,공통,line271
가족행사나 컨디션 때문에 공부를 못 챙겼을 때 어떻게 회복하나요?,"못한 공부는 바로 다음날 보충 계획을 세우고, 최소 단어 암기나 인강 1강이라도 챙겨서 흐름이 끊기지 않도록 하세요.",학습법,공통,line272
6월 공부 계획은 어떻게 세우면 좋을까요?,"5월 복습 부족분을 보완하고, 6월에는 다변수 문제 풀이와 독해 논리 인강 레벨 3 진도를 포함해 계획하세요.",커리큘럼,공통,line273
방학 기간 공부는 어떻게 운영하면 좋을까요?,"방학에는 평일보다 시간을 늘려서 부족한 과목을 채우고, 수학·영어 모두 하루 6:4 비율로 배분해 학습하세요.",커리큘럼,공통,line274
영어 교재는 언제 교체하면 좋을까요?,독해·논리·문법 인강 교재를 90% 이상 마쳤다면 다음 단계 교재를 준비해서 진도를 이어가세요.,학습자료,공통,line275
오답노트는 어떻게 작성해야 효과적일까요?,"틀린 문제를 그대로 옮겨 적지 말고, 왜 틀렸는지 이유와 정답 근거를 함께 정리하세요.",학습자료,공통,line276
영어 단어를 얼마나 외워야 하나요?,"보카바이블을 우선 외우시고, 이후 파생어와 동의어는 상황에 맞게 추가하시면 됩니다. 반복 회독으로 꾸준히 기억을 유지하세요.",학습법,공통,line277
수학과 영어 시간 배분은 어떻게 해야 하나요?,"처음에는 6:4 또는 5:5로 시작하시고, 상황에 맞춰 조정하시면 좋습니다. 수학 진도에 따라 영어 비중을 조금 줄이셔도 됩니다.",FAQ,이과,line278
영어 문법 강의가 어렵게 느껴지는데 어떻게 공부해야 하나요?,"기본 개념부터 정리하시고, 문제를 풀며 부족한 부분을 채우시면 됩니다. 최소 2~3회 복습을 권장드립니다.",학습법,공통,line279
영어 인강을 듣는 도중 다른 선생님으로 바꿔도 되나요?,본인에게 맞는 강사 스타일을 찾는 것이 중요합니다. 필요하다면 다른 강사로 바꾸셔도 괜찮습니다.,FAQ,공통,line280
"선형대수, 다변수미적분은 언제부터 시작해야 하나요?","선형대수는 4월 말~5월 초에, 다변수미적분은 5월 중순 이후 시작하시면 좋습니다. 개강 시점에 맞추는 것이 효율적입니다.",수학,이과,line281
공부 슬럼프가 오면 어떻게 대처해야 하나요?,"하루 이틀 휴식을 취하시고, 루틴을 다시 정상화하시면 됩니다. 휴식 후 바로 회복에 집중하세요.",FAQ,공통,line282
영어 단어 암기는 어떻게 하면 좋나요?,"반복 회독을 통해 꾸준히 외우시고, 하루 최소 50% 이상은 복습으로 채우시길 권장드립니다.",학습법,공통,line283
모의고사는 어떻게 활용해야 하나요?,"현재 위치를 파악하고, 오답노트는 틀린 파트→이유→정답 근거 순으로 정리하세요. 시험 직전까지 복습 자료로 활용하시면 좋습니다.",시험준비,공통,line284
보카바이블과 김신근 단어장은 둘 다 봐야 하나요?,두 권을 병행하기보다는 보카바이블 한 권을 완독하시고 필요시 보충 자료로 활용하세요.,학습자료,공통,line285
"영어 독해와 문법, 단어의 비중은 어떻게 가져가야 하나요?","영어는 독해 50%, 단어 30%, 문법 20% 비중으로 공부하시면 균형 있게 학습할 수 있습니다.",학습법,공통,line286
수학과 영어 공부 시간 배분은 어떻게 하는 게 좋을까요?,"초기엔 수학:영어를 6:4 또는 5:5로 두고, 문법·문풀이 늘어날 때는 단어 1~2시간을 문법 시간으로 전환해 균형을 맞추시면 됩니다. 과목 비중은 주차별 진도 상황에 맞춰 유동적으로 조정하십시오.",FAQ,공통,line287
하루 계획을 다 못 지켰을 때는 어떻게 대처하면 좋을까요?,완벽주의로 진도만 미루기보다 ‘복습 20~30% + 당일 진도 70~80%’ 원칙으로 마무리하고 다음날 계획에 누락분을 흡수하세요. 진도는 느려 보이더라도 꾸준함이 성적을 만듭니다.,FAQ,공통,line288
슬럼프처럼 공허할 때 정상인가요?,"정상입니다. 초반에는 성적이 급등하지 않지만, 6~7월경 개념과 문제풀이가 결합되면서 상승 곡선이 가팔라지는 시기가 옵니다. 지금의 꾸준함을 유지하는 것이 핵심입니다.",FAQ,공통,line289
하루 쉬어도 될까요? Day off 기준이 궁금합니다.,2주에 한 번 정도는 휴식일을 두셔도 좋습니다. 다만 전면 중단보다는 저녁에 ‘데일리 테스트’만 가볍게 챙겨 루틴을 끊지 않는 것을 권합니다.,FAQ,공통,line290
공부 시간을 객관화하려면 무엇을 쓰면 좋을까요?,열품타 등 시간 추적 도구를 반드시 켜고 과목별로 기록하세요. 실제 투입 시간을 보정해야 다음 주차의 시간 배분을 정확히 설계할 수 있습니다.,FAQ,공통,line291
3월 모의고사는 어떻게 활용하나요?,"현재 위치 파악과 유형 파악이 목적입니다. 과목별 백분위와 영수 통합 백분위를 모두 확인하고, 틀린 문항은 오답노트·해설강의로 원인과 정답 근거를 반드시 기록하세요.",FAQ,공통,line292
수면을 줄여서 공부해도 될까요?,"권장하지 않습니다. 수면을 줄이면 다음날 집중력이 급감하고 장기적으로 학습 지속성이 무너집니다. 몸 상태가 우선이며, 병원·물리치료 일정이 있으면 그날 학습량을 조정하세요.",FAQ,공통,line293
미분 문제집에서 발상이 잘 떠오르지 않습니다. 어떻게 돌파할까요?,"빈 노트에 삼각함수 그래프·미분 공식 등을 교재 없이 한 번 써 본 뒤, 개념서를 처음부터 빠르게 재독하고 문제를 다시 보세요. ‘적용할 개념 가설 세우기→풀이’ 루틴이 붙습니다.",수학,이과,line294
복습에 시간을 많이 쓰다 보니 진도가 느립니다. 균형을 어떻게 잡을까요?,"복습은 ‘개념 체크 + 대표문항’으로 최소화하고, 나머지는 진도로 보완하세요. 특히 미분을 끝내고 적분을 시작하면 미분 개념이 재사용되므로 지나친 역진입은 피하세요.",수학,이과,line295
적분의 면적·회전체 단원이 어렵습니다. 학습 포인트는 무엇인가요?,"원판법·원주법 선택 기준을 먼저 정리하고, 풀이 패턴을 유형별로 축적하세요. 다변수미적분에서 연계되므로, 공식 암기와 함께 ‘해석-적용-검산’ 3단계 체크를 습관화하세요.",수학,이과,line296
선형대수는 언제 진입하는 게 좋을까요?,미적분을 마무리한 뒤 4월 말~5월 초 선형대수로 진입하는 흐름이 적절합니다. 적분에서의 계산·해석 감을 유지한 채 선형대수 기초를 빠르게 올리세요.,수학,이과,line297
오답노트는 어떻게 작성해야 효과적일까요?,"‘틀린 파트→틀린 이유→정답 근거’를 한 줄씩 분리해 쓰고, 강사별 해설 풀이 차이도 옆에 메모하세요. 이후 비슷한 유형에서 선택 근거를 재사용할 수 있게 됩니다.",수학,공통,line298
주차 목표(예: 적분 3강/일)를 어떻게 잡을까요?,"강의 러닝타임+문제풀이 시간을 합산해 1강당 평균 필요 시간을 산정한 뒤, 하루 2~3강을 기준으로 계획하세요. 남는 시간은 필수예제→문제집 순으로 배치합니다.",수학,이과,line299
정적분 응용 단원(면적/회전체)은 어떤 순서로 복습할까요?,강의 수강→공식 정리→필수예제 전부→문제집 1/3→남은 2/3 순으로 끊어 진행하세요. 하루에 몰아치기보다 이틀 분할이 실수율을 낮춥니다.,수학,이과,line300
문법이 방대합니다. ‘정병권 101/201/301’은 어떻게 운용하나요?,"OT(101·201·301)를 먼저 보고, 101로 개념을 빠르게 회독한 뒤 201·301은 문풀과 병행하세요. 101로 약 80%를 커버하고, 나머지는 예시·기출로 보완해도 충분합니다.",영어,공통,line301
"문법 비중이 낮다는데, 그래도 해야 하나요?","편입 전체 문항에서 문법 비중은 낮지만, 문법을 챙겨두면 독해 정확도가 올라갑니다. ‘문법으로 독해 도와주기’라는 관점에서 101 중심으로 관리하세요.",영어,공통,line302
문법 강의가 압축적이라 빠진 개념이 많습니다. 어떻게 메울까요?,"101 회독 중 생긴 공백은 201·301 문풀에서 ‘예시-규칙’로 연결해 채우고, 개인 워드/패드에 틀리는 문형만 요약 리스트로 축적하세요. 과잉 확장은 금물입니다.",영어,공통,line303
단어 학습은 어떤 순서가 좋을까요?,"보카바이블 표제어로 1~2회독으로 코어를 만든 뒤, 상태를 보아 MVP 또는 정병권 단어장으로 확장하세요. 밴드의 데일리/테스트지를 병행하면 망각 주기를 잡을 수 있습니다.",영어,공통,line304
문법과 단어 중 어디에 시간을 더 둘까요?,단어에서 1~2시간을 덜어 문법 시간으로 전환하는 식으로 조정해 보세요. 독해·논리에서 점수화가 잘 되도록 ‘문법+단어+독해’로 균형을 맞추는 게 유리합니다.,영어,공통,line305
논리 파트는 언제 시작하나요?,문법 101을 마치면 논리(예: 이분법 훈련)에 진입해도 됩니다. 문법·논리 병행은 독해 정확도를 끌어올리는 데 효과적입니다.,영어,공통,line306
모의고사 성적은 어떻게 해석하나요?,"과목별 백분위, 영수 통합 백분위를 모두 보되, 절대점수만 보지 마세요. 오답은 ‘어느 파트에서 왜 틀렸는지→정답 근거’를 남겨 다음 회차의 체크리스트로 전환합니다.",시험준비,공통,line307
시험 직후 무엇을 먼저 해야 하나요?,"해설 강의를 보고 강사별 풀이 차이를 비교한 뒤, 내 풀이와의 간극을 메모하세요. 이후 비슷한 문제에서 같은 실수를 방지하는 ‘선택 제거 규칙’을 만들면 성과가 납니다.",시험준비,공통,line308
주말·평일에 공부 피로가 누적됩니다. 운영 팁이 있을까요?,"주말엔 ‘문법·단어 유지 + 수학 진도 강화’처럼 한 축을 가볍게 해 피로를 분산하세요. 2주 1회 리셋데이를 두고, 그날은 데일리 테스트만 챙깁니다.",시험준비,공통,line309
담당 선생님이 문과/이과로 배정되는 기준이 있나요?,합격 학교·학과·성적(백분위) 등을 보고 문과/이과 담당을 배정합니다. 학생의 희망 전공 트랙에 맞춘 배정입니다.,입시정보,공통,line310
이과 영어 원점수 70점대는 어느 정도인가요?,초반 기준으로도 높은 편입니다. 현재 페이스를 유지하며 수학을 끌어올리면 안정적인 합격권에 접근할 수 있습니다.,입시정보,이과,line311
수학은 어떤 순서로 진행하나요?,미분→적분→선형대수→다변수미적분 순을 권합니다. 미적에서 다진 해석·계산력이 이후 단원에 그대로 이식됩니다.,커리큘럼,이과,line312
영어는 어떤 순서로 진행하나요?,문법 101(개념)→201·301(문풀)→독해·논리 순으로 가세요. 문법이 독해의 바탕이 되도록 초반에 101을 탄탄히 합니다.,커리큘럼,공통,line313
4월 학습 목표를 어떻게 세우면 좋을까요?,"수학은 적분 완강 후 선형대수 진입을 목표로 하고, 영어는 문법 101 완강 + 201/301 1회독을 설정하세요. 단어는 하루 고정 슬롯을 확보합니다.",커리큘럼,공통,line314
문법을 빨리 끝내고 싶습니다. 주차 운영 팁이 있나요?,"하루 3~4강 속도로 1회전을 돌리되, 다음 주에 201/301 문풀로 복습을 겸하세요. 그 사이 단어·수학 시간을 침식하지 않도록 상한선을 정합니다.",커리큘럼,공통,line315
병원·물리치료 등 일정이 있을 때 커리큘럼은요?,"그날은 과감히 학습량을 줄이고, 데일리(단어·간단 문풀)만 유지하세요. 루틴을 끊지 않는 것이 장기전에서 더 중요합니다.",커리큘럼,공통,line316
문법 101만으로 충분할까요?,"101로 약 80% 커버가 가능하며, 남은 20%는 201·301 문풀과 기출에서 보완하세요. 문법에 과몰입하기보다 독해·논리 비중을 유지하는 것이 점수 효율이 좋습니다.",학습법,공통,line317
문법이 너무 스트레스일 때는요?,완강으로 1회전을 끝내고 문풀·논리로 시야를 넓히세요. 문법은 ‘적용되는 문형’ 위주로 요약해 부담을 줄입니다.,학습법,공통,line318
단어는 얼마나 외워야 하나요?,초기엔 데일리 테스트를 기준으로 매일 고정 시간을 확보하세요. 보카바이블 회독을 끝내면 범위를 넓혀 재순환합니다.,학습법,공통,line319
강의 배속과 당일 복습은 어떻게 병행하나요?,"배속으로 강의 러닝타임을 단축하되, 필수예제와 문제집으로 ‘당일 복습’을 반드시 걸어 지식이 휘발되지 않게 하세요.",학습법,공통,line320
진도와 복습 중 무엇이 더 중요합니까?,"둘 다 중요하지만, 초반에는 진도 우선으로 박자감(문풀 루틴)을 만들고 복습은 선택과 집중으로 최소화하세요.",학습법,공통,line321
틀린 선지를 고른 이유까지 적으라고 하시던데 왜 필요한가요?,정답 근거뿐 아니라 오답 선택 근거를 적어야 ‘같은 함정’에 다시 걸리지 않습니다. 이후 회독에서 가장 큰 시간 절감 효과를 줍니다.,학습법,공통,line322
데일리/위클리 테스트는 어떻게 쓰면 좋나요?,"데일리는 단어·문법 유지, 위클리는 수학 복습과 실전 감각 점검용으로 주말에 배치하세요. 채점 후 오답 항목을 바로 다음 주 계획에 반영합니다.",학습자료,공통,line323
선형대수 필기노트는 어떤 용도로 쓰나요?,"선행 감 잡기용 레퍼런스로 가볍게 훑고, 본 학습은 강의-문풀에 두세요. 과도한 필기 이입은 실제 점수와 직결되지 않습니다.",학습자료,이과,line324
하루 목표량이 과해 보일 때는 어떻게 해야 할까요?,"과목별 ‘상한선(예: 문법 3강, 수학 2~3강)’을 정하고 넘치면 다음날로 미룹니다. 지치지 않는 일정이 장기적으로 더 빠릅니다.",FAQ,공통,line325
문법을 다 듣기 전에 독해·논리로 넘어가도 될까요?,101을 마쳤다면 가능합니다. 논리(이분법)부터 병행하면 독해 정확도가 빨리 올라갑니다.,FAQ,공통,line326
문법 암기를 빠르게 올리는 요령이 있을까요?,‘예외·혼동 문형’만 모은 1페이지 요약을 만들어 아침·저녁으로 회독하세요. 회독 빈도를 높여 망각을 줄이는 게 핵심입니다.,학습법,공통,line327
단어 테스트 프로그램 종료 후에는 무엇을 쓰면 좋나요?,밴드에서 제공하는 단어 테스트지로 루틴을 이어가세요. 테스트→오답집 구축→다음 주 재테스트의 주기를 유지합니다.,학습자료,공통,line328
문법·수학을 동시에 많이 듣는 날엔 단어를 줄여도 되나요?,가능합니다. 다만 최소 유지량(예: 1 챕터)은 매일 챙겨 단어 감각을 끊지 마세요.,FAQ,공통,line329
다변수미적분을 잘하려면 무엇을 준비해야 하나요?,적분의 해석 감(면적·회전체)과 좌표 변환(극좌표)을 확실히 다져 두세요. 이후 벡터·선형대수 개념이 연결됩니다.,수학,이과,line330
과목 전환이 잦아 집중이 흐트러집니다.,하루를 ‘한 축 강화 + 나머지 유지’로 설계하세요. 예: 수학 진도 강화일에는 영어는 단어·간단 문법만 유지합니다.,학습법,공통,line331
진도 체크는 어떻게 투명하게 하나요?,"‘강의 번호·진도·당일 복습·문제집 비율’을 표 형태로 기록하고, 주말에 실행률을 계산해 다음주 계획을 보정하세요.",학습법,공통,line332
문법이 너무 어렵게 느껴질 때 완강을 우선해도 되나요?,"예, 101 완강으로 골격을 세운 뒤, 201·301 문풀에서 이해를 보강하세요. 스트레스가 누적되면 독해·수학까지 영향을 줍니다.",FAQ,공통,line333
홍대 기출 끝나면 어떤 기출을 풀면 좋을까요?,외대 기출로 넘어가시면 좋습니다. 이후 d-70 시리즈와 병행하면 효과적입니다.,시험준비,공통,line334
어휘 401~502 단어가 잘 안 외워지는데 어떻게 해야 할까요?,"매일 2챕터씩 꾸준히 반복하시고, 모르는 단어는 오답노트로 따로 정리해두시는 것이 좋습니다.",영어,공통,line335
모의고사 점수는 어떻게 활용하는 게 좋을까요?,"성적표를 보고 틀린 파트를 분류한 뒤, 이유와 정답 근거를 정리하는 오답노트를 만드시면 됩니다.",시험준비,공통,line336
외대 기출은 시간이 부족한데 어떻게 대비해야 하나요?,"문풀할 때 이분법 적용으로 빠르게 지문 구조를 파악하시고, 제한시간 내 여러 번 연습해보세요.",시험준비,공통,line337
공부 시간이 하루 10시간 정도 나오는데 괜찮을까요?,꾸준히 유지하시는 건 좋습니다. 다만 피로가 누적되면 하루 정도 쉬어가셔도 됩니다.,FAQ,공통,line338
d-70 교재가 d-100보다 어렵나요?,"네, d-70은 더 까다롭습니다. 하지만 여러 번 복습하면 기출 풀이에도 큰 도움이 됩니다.",시험준비,공통,line339
어휘 학습은 기출 풀이와 어떻게 병행해야 하나요?,"기출 문제 풀 때 모르는 단어는 따로 정리하시고, 매일 정해둔 분량을 꾸준히 회독해주세요.",영어,공통,line340
추석 연휴 기간 공부는 어떻게 계획하는 게 좋을까요?,"연휴 동안 목표를 확실히 정하고 달성한 뒤, 남은 시간은 편하게 쉬는 것이 좋습니다.",학습법,공통,line341
자소서 첨삭은 얼마나 걸리나요?,초안 확인 후 첨삭까지 약 2주 정도 소요됩니다. 미리 작성해두시면 좋습니다.,입시정보,문과,line342
논리 파트는 어떻게 접근하는 게 좋을까요?,"이분법을 적용해 선택지를 나누고, 근거를 확실히 확인하면서 풀어보세요.",영어,공통,line343
D-100 교재는 어떻게 활용해야 하나요?,"도착하면 기출과 병행해서 1회는 꼭 풀어보시고, 여유가 있으면 하루에 기출 1개 + D시리즈 1개 조합으로 풀어주세요.",FAQ,공통,line344
기출 문제는 몇 년치 풀어야 효과적일까요?,"최근 2~3년치부터 시작해서 주요 학교 위주로 풀고, 오답 정리까지 꼼꼼히 챙겨주세요.",FAQ,공통,line345
단어 암기는 어떤 순서로 하는 게 좋을까요?,"101~301 단어는 복습 위주로 가볍게 보고, 401~502를 집중적으로 반복해 외워주세요.",FAQ,공통,line346
매일 공부 시간은 몇 시간 정도 확보해야 하나요?,"방학 기간에는 최소 10시간 이상 확보해주시고, 피로 누적을 방지하려면 2시간마다 10분 정도 휴식을 챙겨주세요.",FAQ,공통,line347
오답노트는 어떻게 작성하면 좋을까요?,"틀린 파트를 기록하고, 틀린 이유와 정답 근거를 단계별로 정리해두시면 좋습니다.",FAQ,공통,line348
장문 독해를 더 빠르고 정확하게 풀려면 어떻게 해야 하나요?,"이분법 독해법을 적용해 글 구조를 먼저 파악하고, 근거를 명확히 하여 정답을 선택하는 연습을 꾸준히 하세요.",영어,공통,line349
영어 문법은 어떤 식으로 복습해야 하나요?,"202, 302 문법까지 학습한 내용을 바탕으로 d시리즈와 기출에서 나오는 문법 문제를 따로 정리해 두세요.",영어,공통,line350
독해 복습을 효율적으로 하는 방법은 무엇인가요?,"풀었던 문제에서 지문 해석과 정답 근거를 다시 확인하고, 오답이 발생한 부분은 따로 표시해서 반복 복습해주세요.",영어,공통,line351
어휘 복습은 어떻게 진행하는 게 좋을까요?,"퀴즐렛이나 단어 테스트를 활용해 101~301 단어는 유지하고, 401~502는 집중 암기해주시면 됩니다.",영어,공통,line352
모의고사는 어떻게 활용해야 하나요?,"반드시 사전 접수 후 응시하시고, 시험 후에는 오답 분석을 통해 부족한 파트를 바로 보완하세요.",시험준비,공통,line353
기출은 어떤 순서로 풀면 좋을까요?,"건대, 홍대, 외대 순으로 주요 대학부터 시작하고 난도가 높은 학교는 후반부에 챙겨주세요.",시험준비,공통,line354
시간 관리가 어렵습니다. 기출 풀 때 어떻게 해야 하나요?,"실제 시험처럼 시간을 재고 풀며, 어려운 문제는 표시 후 뒤로 넘기는 전략을 연습하세요.",시험준비,공통,line355
매일 루틴이 비슷해 힘든데 어떻게 유지할까요?,"루틴을 크게 바꾸지 말고, 단어 복습이나 기출 순서를 가볍게 바꿔 변화를 주세요.",학습법,공통,line356
슬럼프가 올 때 어떻게 해야 하나요?,"짧게는 하루, 길게는 이틀 정도 계획된 가벼운 복습만 하면서 쉬고, 이후에는 기존 루틴으로 빠르게 복귀하세요.",학습법,공통,line357
독해에서 시간을 줄이는 요령이 있을까요?,첫 문단에서 주제를 잡고 선택지를 통해 답 근거를 찾아 빠르게 소거하는 연습을 반복하세요.,학습법,공통,line358
D시리즈는 어떻게 활용해야 하나요?,한 바퀴 풀고 난 뒤에는 오답과 틀린 단어를 따로 정리해 복습하면서 기출과 번갈아 병행하세요.,커리큘럼,공통,line359
301 과정 복습은 언제 하는 게 좋을까요?,"401 과정을 마친 뒤 기출을 일부 풀어보고, 이후에 301을 빠르게 복습한 후 다시 기출로 이어가세요.",커리큘럼,공통,line360
기출과 d시리즈를 같이 풀어도 괜찮을까요?,"네, 하루에 기출 1개 + D시리즈 1개 조합으로 병행하면 효과적입니다.",커리큘럼,공통,line361
퀴즐렛은 어떻게 활용하면 좋나요?,단어 암기뿐 아니라 복습용으로 카드 게임처럼 가볍게 반복해 활용해 주세요.,학습자료,공통,line362
어휘 교재는 전부 다 외워야 하나요?,"전부 외우는 게 이상적이지만, 우선 401~502에 집중하고 101~301은 복습 위주로 관리하세요.",학습자료,공통,line363
오답 단어장은 어떻게 만들까요?,기출과 d시리즈에서 틀린 단어를 따로 모아 반복 확인하는 방식으로 정리하세요.,학습자료,공통,line364
편입 지원 전략은 어떻게 세우면 좋을까요?,"주요 대학 위주로 우선순위를 정하고, 지원 가능한 학교를 점수대에 맞게 분배해서 준비하세요.",입시정보,공통,line365
자기소개서는 언제 준비해야 하나요?,"9월 이후 여유 있는 시점에 첨삭을 받으시면 충분하며, 우선은 공부에 집중하세요.",입시정보,공통,line366
초반 시간 배분은 어떻게 하는게 좋을까요?,"인강 3시간, 단어 2시간 기준으로 체크하고 나머지는 문제풀이에 투자해주세요.",학습법,공통,line367
방학 때는 어떤 점에 집중해야 할까요?,"방학 동안 단어 학습량을 늘리고, 매일 오답노트 복습을 병행해주세요.",학습법,문과,line368
오늘 공부 시간이 부족한데 어떻게 해야 할까요?,"시간이 적을 때는 단어 위주로 챙기고, 강의는 최소 목표치만 달성해주세요.",FAQ,공통,line369
단어 암기는 어떻게 해야 효과적일까요?,"퀴즐렛을 활용해 매일 2챕터씩 반복하고, 주간 단위로 누적 복습해주세요.",학습법,공통,line370
101~301 단어를 끝내면 어떻게 해야 하나요?,"한 회독 끝낸 뒤 잘 외운 파트는 401, 501, 502로 대체해가며 암기하세요.",학습자료,공통,line371
어휘 문제는 어떻게 활용하면 좋을까요?,단어 문제를 풀고 정답뿐 아니라 해석까지 반드시 확인해주세요.,학습법,공통,line372
"501, 502 단어가 어렵나요?",낯선 어휘가 많지만 꾸준히 2챕터씩 외우면 충분히 소화 가능합니다.,영어,공통,line373
논리 401은 어떻게 공부하면 좋을까요?,"하루 4강씩 나가며 단어는 101, 301에서 2챕터씩 병행해주시길 권장드립니다.",영어,공통,line374
논리 파트가 쉬워졌는데 어떻게 해야 할까요?,자신감을 유지하면서 문제 양을 늘려 시간 안에 푸는 연습을 병행해주세요.,영어,공통,line375
독해 점수가 낮게 나오는데 어떻게 개선하나요?,오답 문항을 다시 풀고 문장 배열·삽입 문제를 집중적으로 복습해주세요.,영어,공통,line376
독해는 어떻게 훈련하면 좋을까요?,매일 2~3지문을 시간 재고 풀면서 해석 연습을 병행해주세요.,영어,공통,line377
401 과정 끝나면 문법은 어떻게 이어가나요?,"401 마무리 후 복습 진행하고 문법 202, 302를 이어서 시작해주세요.",커리큘럼,공통,line378
문법은 복습을 어떻게 해야 할까요?,"n회독을 돌리며 틀린 문제 위주로 정리하고, 새로운 문제를 풀면서 적용해주세요.",영어,공통,line379
"문법 201, 301 강의는 언제 들으면 좋을까요?",401 마무리 후 복습 과정에서 회독용으로 활용해주세요.,커리큘럼,공통,line380
문풀 단계에서는 문법 문제를 어떻게 접근하나요?,답을 찾은 뒤 전체 지문 해석을 하며 문법 포인트를 다시 확인해주세요.,시험준비,공통,line381
모의고사에서 오답은 어떻게 복습하나요?,틀린 문제 번호 기록 → 이유 분석 → 정답 근거 확인 순서로 오답노트를 작성해주세요.,시험준비,공통,line382
모의고사는 어떻게 응시하면 좋을까요?,"실제 시험처럼 타이머를 재고 응시하고, 온라인 응시 시에도 반드시 필기해가며 풀어주세요.",시험준비,공통,line383
모의고사에서 독해를 많이 틀렸습니다. 어떻게 개선하나요?,"틀린 독해 지문을 다시 해석하고, 선지별 근거를 직접 찾아보세요.",시험준비,공통,line384
기출 문제는 어떻게 풀어야 하나요?,"실제 시험처럼 타이머를 재고 풀고, 틀린 문제는 반드시 오답노트로 정리해주세요.",시험준비,공통,line385
건대 기출은 어떻게 풀면 좋을까요?,실제 시험처럼 풀고 오답은 이유와 근거를 기록해주세요.,시험준비,공통,line386
D-100 시리즈는 어떻게 활용하나요?,"한 차시씩 풀면서 난이도를 체크하고, 맞지 않으면 바로 기출로 넘어가세요.",시험준비,공통,line387
학습 계획은 어떻게 세워야 하나요?,"월 단위로 큰 목표를 정하고, 매일 강의와 단어 학습 비율을 6:4로 맞춰주세요.",학습법,공통,line388
하루 학습 루틴은 어떻게 잡으면 좋을까요?,"오전엔 인강, 오후엔 단어, 저녁엔 문제풀이로 배치해주세요.",학습법,공통,line389
7월 이후에는 어떤 학습을 하면 좋을까요?,"401 시리즈 완강 후 복습을 진행하고, 이후 기출 문제 풀이를 집중하세요.",커리큘럼,공통,line390
공부가 잘 안될 때는 어떻게 하나요?,단어 같은 짧은 과제부터 시작해 성취감을 느끼며 분위기를 바꾸세요.,FAQ,공통,line391
지칠 때는 어떻게 회복하나요?,하루 30분 산책이나 가벼운 휴식을 통해 리프레시한 뒤 다시 시작하세요.,FAQ,공통,line392
편입 준비 과정은 어떻게 진행되나요?,"기초 단어와 문법부터 시작해 401, 501 과정과 기출 풀이까지 순차적으로 진행됩니다.",입시정보,공통,line393
편입 영어에서 가장 중요한 것은 무엇인가요?,"단어 암기가 핵심이며, 이후 독해와 논리로 확장해가야 합니다.",입시정보,공통,line394
장문 독해는 어떻게 훈련해야 하나요?,"401 과정 마무리 후 매일 3~5강씩 듣고, 단어 암기와 병행하세요.",영어,공통,line395
단어 문제집은 언제 활용하면 좋을까요?,기본 암기 후 복습 차원에서 주말마다 풀어주세요.,학습자료,공통,line396
퀴즐렛은 어떻게 활용하나요?,"매일 외운 단어를 퀴즐렛으로 복습하고, 주간 누적 테스트를 만들어 활용하세요.",학습법,공통,line397
복습과 신규 학습은 어떤 비율로 가야 하나요?,"복습 60%, 신규 40% 비율로 진행하면 효과적입니다.",학습법,공통,line398
온라인 모의고사 시 주의할 점은?,눈으로만 풀지 말고 반드시 필기하면서 푸세요.,시험준비,공통,line399
오답노트는 어떻게 작성하나요?,틀린 파트 기록 → 이유 분석 → 정답 근거 확인 순서로 정리해주세요.,학습법,공통,line400
501 단어는 어떤 난이도인가요?,401보다 조금 어렵지만 반복 회독으로 충분히 암기 가능합니다.,영어,공통,line401
논리 문제에서 실수 줄이는 법은?,선지 고르기 전 근거 문장을 반드시 표시하고 풀어주세요.,영어,공통,line402
문법 복습은 몇 회독 정도가 적당한가요?,"최소 3회독 이상 권장드리며, 틀린 문제 위주로 집중하세요.",영어,공통,line403
후반기 공부의 핵심은 무엇인가요?,"401~502 단어 완성, 기출 문제 다회독, 오답 관리가 핵심입니다.",커리큘럼,공통,line404
문법 복습은 어떻게 진행해야 효과적일까요?,"문법 복습은 하루에 4강 단위로 정리하고, 복습 후 바로 문제를 풀어 이해도를 점검하시는 것이 좋습니다.",영어,공통,line405
301 과정이 끝난 후 다음 과정은 어떻게 나가야 하나요?,301을 마무리한 뒤에는 전체 복습을 하고 문법을 다시 확인한 후 401 과정으로 진입하시면 됩니다.,커리큘럼,공통,line406
논리 문제 풀 때 단어가 부족하면 어떻게 해야 하나요?,"모르는 단어는 따로 정리해두시고, 매일 1~2챕터 단어를 반복 암기해주시면 문제풀이가 훨씬 수월해집니다.",영어,공통,line407
모의고사는 언제 응시하는 게 좋을까요?,"모의고사는 반드시 사전 신청 후 응시하시고, 매달 1회 이상 꾸준히 응시해 실전 경험을 쌓으셔야 합니다.",시험준비,공통,line408
단문독해 301은 어떻게 활용하면 좋나요?,"단문독해는 풀자마자 해설 확인, 오답은 오답노트에 정리 후 반복 복습하시면 효과가 큽니다.",영어,공통,line409
mvp 단어 암기가 부족한데 어떻게 보완할까요?,"표제어와 헷갈리는 단어를 분류해서 집중적으로 외우시고, 하루 1챕터 이상 회독을 반복하시면 좋습니다.",학습법,공통,line410
독해 속도가 느릴 때 개선 방법이 있나요?,"매일 2~3지문을 제한 시간 안에 풀어보시고, 틀린 문제는 정답 근거를 적어 복습하는 훈련을 해주세요.",영어,공통,line411
논리 301은 어떻게 접근하는 게 좋을까요?,"논리 문제는 오답률 관리가 중요하므로, 모르는 단어를 먼저 정리하고 정해진 시간 안에 꾸준히 풀어보시는 게 좋습니다.",영어,공통,line412
401 문법 과정은 어떻게 진행해야 하나요?,"401 과정은 4강 단위로 나누어 듣고, 강의 후 반드시 직접 문제를 풀어 이해도를 점검하시길 권장합니다.",영어,공통,line413
301 논리와 장독해가 어렵게 느껴질 때는 어떻게 해야 하나요?,"지문 풀이 후 오답노트에 근거를 정리하시고, 단어 암기를 보완해주시면 점점 수월해집니다.",영어,공통,line414
복습과 새로운 강의는 어떤 비율로 병행하는 게 좋을까요?,"복습 6: 신강의 4 정도로 배분하시고, 주말에는 복습 비율을 더 높이시면 안정적으로 학습할 수 있습니다.",학습법,공통,line415
mvp 단어장을 다 보면 다음에는 어떻게 해야 하나요?,mvp를 끝내신 뒤에는 101~301 단어를 함께 회독하면서 암기율을 높여주시면 좋습니다.,학습자료,공통,line416
301 과정을 복습할 때 어떻게 진행해야 하나요?,"문제 풀이 후 정답 근거를 반드시 정리하시고, 틀린 유형은 따로 모아 반복 학습하시면 됩니다.",학습법,공통,line417
모르는 단어가 많아 논리 문제풀이가 어렵습니다. 어떻게 해야 하나요?,"단어장에 따로 정리해 매일 20~30개씩 암기하고, 문제풀이 시 단어 추론 훈련도 병행해주세요.",영어,공통,line418
학습 루틴을 유지하기 위해 어떻게 관리해야 할까요?,"아침에 하루 계획을 세우고, 저녁에 반드시 점검하는 루틴을 유지하시면 꾸준히 이어갈 수 있습니다.",학습법,공통,line419
문법 문제를 다시 풀어보는 게 도움이 될까요?,"네, 복습 후 2~3일 뒤 다시 문제를 풀어보면 약한 부분이 확실히 드러나 복습 효과가 높아집니다.",영어,공통,line420
401과정까지 끝나면 바로 기출문제를 풀어야 하나요?,"401을 마친 뒤 복습을 먼저 진행하시고, 단어와 문법이 안정되면 기출문제를 시작하시면 됩니다.",커리큘럼,공통,line421
단어 회독은 하루에 몇 챕터씩 하는 게 적당할까요?,"하루에 최소 1챕터, 가능하다면 2챕터씩 꾸준히 반복하는 것이 가장 효율적입니다.",학습법,공통,line422
장독해는 어떻게 공부해야 할까요?,"지문을 시간 제한 두고 풀어본 뒤, 해설을 확인하고 지문 구조를 직접 정리해보시면 도움이 됩니다.",영어,공통,line423
301교재 상태 확인은 어떻게 하면 좋을까요?,"교재 상태는 매일 학습 후 체크하시고, 복습을 통해 빠진 부분을 보완해주시면 좋습니다.",학습자료,공통,line424
미적분 복습은 어떻게 하면 좋을까요?,며칠 안 보시면 감이 떨어질 수 있으니 매일 조금씩 복습하시길 바랍니다.,수학,이과,line425
급수 공부는 어떻게 해야 하나요?,여러 유형을 정리하고 문제를 많이 접하면서 연습해주시면 됩니다.,수학,이과,line426
선대 진도는 어떻게 나가야 할까요?,"하루에 한 강의씩은 꼭 들어주시고, 영어 비중을 줄여서라도 수학 진도를 확보하세요.",수학,이과,line427
정사영 파트가 어려운데 어떻게 해야 하나요?,정사영은 시간이 걸리는 파트라 다양한 유형 문제를 많이 풀어보시는 게 좋습니다.,수학,이과,line428
Rank 단원은 중요할까요?,시험에 무조건 나온다고 생각하시고 응용된 형태까지 꼭 외워두셔야 합니다.,수학,이과,line429
급수 문제가 자꾸 헷갈리는데 어떻게 대비해야 할까요?,급수는 수렴/발산 유형 위주로 매일 문제풀이 연습을 권장드립니다.,수학,이과,line430
극좌표는 어떻게 준비해야 하나요?,기본 공식을 모두 암기해두시면 적분 응용 문제를 푸는 데 도움이 됩니다.,수학,이과,line431
벡터공간 공부는 어떻게 해야 할까요?,개념을 확실히 잡는 것이 우선이므로 강의를 반복하고 노트에 정리하세요.,수학,이과,line432
선대에서 개념이 너무 많은데 어떻게 접근해야 할까요?,"강의 전 간단히 리마인드 후 학습하시고, 시험 끝난 후 집중 복습하시길 권합니다.",수학,이과,line433
정적분 활용은 어떻게 연습하면 좋을까요?,문제풀이와 함께 공식을 같이 암기해두시면 자연스럽게 외워집니다.,수학,이과,line434
어휘는 언제 외우는 게 좋을까요?,이동시간이나 자투리 시간을 활용해 최대한 외워주세요.,영어,공통,line435
문법 암기는 어떻게 하면 좋을까요?,그냥 읽기보다 직접 테스트를 만들어서 암기하셔야 효과적입니다.,영어,공통,line436
4회독할 때 표제어도 같이 봐야 할까요?,가볍게라도 보면서 동의어와 함께 체크하시는 것을 추천드립니다.,영어,공통,line437
문법은 얼마나 외우는 게 좋을까요?,매일 적당량을 정해두고 꾸준히 외우시길 권합니다.,영어,공통,line438
관계사 파트는 시험에 자주 나오나요?,시험 직전에 한번 살펴보시면 큰 도움이 됩니다.,영어,공통,line439
모의고사 전에는 어떤 준비를 해야 하나요?,범위 내 자주 틀리는 문제와 영어 문법만 정리하고 들어가시면 좋습니다.,시험준비,공통,line440
모의고사 오답은 언제 정리하는 게 좋을까요?,"해설지가 나오면 바로 정리하시고, 여건이 안 되면 다음날 정리해도 괜찮습니다.",시험준비,공통,line441
시험 중 실수했을 때 어떻게 해야 하나요?,다음 시험에서는 주의하시고 시험지가 나오면 다시 풀어보시길 바랍니다.,시험준비,공통,line442
시험 직전에 어떤 부분을 확인하면 좋을까요?,선형대수 기본 공식과 문법을 마지막으로 훑어보세요.,시험준비,공통,line443
시간 배분은 어떻게 조절해야 하나요?,"6월까지는 수학·영어를 5:5로 하고, 7월부터는 수학 비중을 6:4로 늘리세요.",시험준비,공통,line444
모의고사 접수는 언제까지 하나요?,5월 모의고사 접수는 5월 23일 22시까지이며 시험은 24일에 진행됩니다.,입시정보,공통,line445
6월 모의고사는 언제 보나요?,6월 21일 토요일에 진행됩니다.,입시정보,공통,line446
데일리 문제 범위는 어떻게 구성되나요?,"현강 진도에 맞춰서 구성되며, 올라온 것부터 풀어도 무방합니다.",입시정보,공통,line447
졸릴 때는 어떻게 공부하면 좋을까요?,스탠딩 책상을 쓰거나 과목을 바꿔서 공부해보세요.,학습법,공통,line448
시험 전날 과목 순서는 어떻게 할까요?,영어 논리는 건너뛰고 수학 문풀을 늘려서 진행하세요.,학습법,공통,line449
자투리 시간 활용법은 무엇이 좋을까요?,단어 암기를 자투리 시간에 하시면 가장 효율적입니다.,학습법,공통,line450
공부 루틴은 어떻게 잡으면 좋을까요?,"매일 10시간 학습을 목표로 하고, 과목별로 비중을 나누어 진행하세요.",학습법,공통,line451
성적을 올리려면 어떻게 해야 하나요?,"공부 방법을 바꾸지 않으면 성적도 그대로이니, 암기 테스트와 문풀을 병행하세요.",학습법,공통,line452
시험지는 어떻게 활용하면 좋을까요?,굿노트에 개념 노트를 복제해서 빈칸을 뚫은 테스트지로 활용해보세요.,학습자료,공통,line453
교재 문풀은 어떻게 활용해야 하나요?,김영교재 문풀은 빠짐없이 끝내고 부족한 부분은 심화 문풀로 보완하세요.,학습자료,공통,line454
기출문제 활용은 어떻게 하나요?,8월부터 기출을 풀면서 속도를 자연스럽게 올리시면 됩니다.,학습자료,공통,line455
오답노트는 어떻게 작성해야 하나요?,틀린 문제는 이유와 정답 근거까지 정리해서 다시 보세요.,학습자료,공통,line456
데일리 문제는 어떻게 풀어야 하나요?,매일 제공되는 문제를 풀고 부족한 점은 바로 보충하세요.,학습자료,공통,line457
문법은 매일 공부해야 하나요?,이제는 매일 하지 않으셔도 됩니다. 수학에 더 시간을 투자해주세요.,영어,공통,line458
타임어택 해설 시간이 오래 걸리는데 어떻게 해야 하나요?,해설 강의뿐 아니라 모르는 유형은 다른 교재를 참고해 추가로 풀어보셔야 합니다. 오래 걸리더라도 반드시 해주셔야 합니다.,수학,이과,line459
수학 진도와 문풀은 어떻게 병행해야 할까요?,진도는 계속 나가되 푸는 문제마다 부족한 부분은 반드시 보충해주셔야 합니다.,수학,이과,line460
밤에 공부가 자꾸 늦어집니다. 어떻게 조절할까요?,쉬는 시간을 줄여서 종료 시간을 앞당기시면 체력 부담이 덜합니다.,학습법,공통,line461
행렬 명제 문제는 요즘에도 자주 나오나요?,매우 자주 출제되며 파이널용 인강 컨텐츠도 따로 있을 정도로 중요합니다.,수학,이과,line462
단어 암기는 하루에 얼마나 해야 하나요?,이과 학생이라면 최소 하루 300개는 암기해주셔야 합니다.,영어,공통,line463
중적분은 어떻게 연습하면 좋을까요?,직접 그림을 많이 그리면서 본인만의 풀이 팁을 쌓아가시면 좋습니다.,수학,이과,line464
선대 명제는 언제 준비하는 게 좋을까요?,보통 시험 직전에 준비하지만 미리 차곡차곡 정리해두면 큰 이점이 있습니다.,수학,이과,line465
투영행렬이 헷갈릴 때 어떻게 해야 하나요?,해결될 때까지 개념 강의를 반복해서 듣고 다시 도전하세요.,수학,이과,line466
Rank 성질은 중요한가요?,단독 문제와 명제 형태로 모두 자주 나오므로 반드시 외워두셔야 합니다.,수학,이과,line467
모의고사는 꼭 응시해야 하나요?,수학 진도가 부족하더라도 영어 시험만이라도 응시해 부족한 부분을 확인하시길 권합니다.,시험준비,공통,line468
공부 시간이 줄고 있습니다. 어떻게 해야 할까요?,진도 위주로 공부 시간을 투자해주세요,학습법,공통,line469
오답노트는 언제 정리해야 하나요?,틀린 문제는 즉시 같은 유형 문제를 찾아 풀어보며 보충해야 효과적입니다.,학습자료,공통,line470
선형사상과 선형변환이 약합니다. 어떻게 공부할까요?,개념 이해가 부족하면 개념강좌를 반복해서 듣고 유사 문제를 많이 풀어보세요.,수학,이과,line471
공부 시간을 얼마나 확보해야 하나요?,"매일 11시간 이상 공부하시고, 1시 이전에 마무리하시길 권장드립니다.",학습법,공통,line472
기출문제 들어가기 전 어떤 준비가 필요할까요?,외워야 할 공식들을 모두 암기해두셔야 기출 풀이가 의미 있습니다.,시험준비,공통,line473
다변수는 언제까지 끝내야 하나요?,다변수 강의는 9월 초까지 마무리하고 곧바로 기출과 병행해주세요.,수학,이과,line474
수학 공식 암기는 어떻게 해야 하나요?,누적 복습으로 하루 최소 3단원씩 반복해주셔야 장기 기억에 남습니다.,수학,이과,line475
정적분 넓이는 어떻게 준비해야 하나요?,지금 시기엔 특수한 유형까지 모두 외워두셔야 합니다.,수학,이과,line476
독해가 잘 안 될 때 어떻게 보완하나요?,강사의 풀이와 본인의 풀이를 비교해 차이를 분석하는 연습을 하셔야 합니다.,영어,공통,line477
합격생들은 보통 하루 몇 시간씩 공부하나요?,합격생들은 하루에 보통 12시간씩 공부합니다. 목표를 정하고 매일 꾸준히 실천하시길 권합니다.,FAQ,공통,line478
다변수 부족한 파트는 어떻게 보충해야 할까요?,타임어택 교재 도착 전까지 다변수에서 부족했던 파트들을 집중적으로 보충해주시길 바랍니다.,수학,이과,line479
다변수 복습 후 어떤 과목을 시작하면 좋을까요?,다변수 복습이 어느정도 되었다면 공학수학을 하루 2강씩 시작하셔도 됩니다.,수학,이과,line480
다변수 복습 후 위클리 문제로 넘어가도 될까요?,"네, 다변수 복습을 우선적으로 진행한 후 위클리 문제로 넘어가시면 좋습니다.",수학,이과,line481
공학수학 복습은 어떻게 하면 좋을까요?,앞부분을 까먹지 않도록 꾸준히 복습해주시길 바랍니다.,수학,이과,line482
오답정리는 언제 하는 게 좋을까요?,하루 전체 공부를 마친 후 바로 오답까지 정리해주시면 효과적입니다.,학습자료,공통,line483
타임어택 교재는 언제 시작하면 좋을까요?,교재가 도착하는 즉시 타임어택과 기출을 병행해서 시작하셔야 합니다.,시험준비,공통,line484
무한급수 학습 시 주의할 점은 무엇인가요?,답만 맞히는 게 아니라 풀이 과정이 적절했는지도 반드시 확인하고 넘어가셔야 합니다.,수학,이과,line485
9월 김영 모의고사는 응시해야 할까요?,"실력 점검을 원하시면 응시하시되, 진도나 복습이 부족하다면 기출 학습에 집중하시길 권장합니다.",시험준비,공통,line486
기출은 언제부터 시작하는 게 좋을까요?,9월 중순부터는 하루 1회씩 최신순으로 기출을 풀어주셔야 합니다.,시험준비,공통,line487
기출 교재가 아직 도착하지 않았는데 어떻게 해야 하나요?,"교재 도착 전까지 타임어택을 서둘러 마무리하고, 다른 교재로 복습을 보충해주세요.",시험준비,공통,line488
기출 오답은 어떻게 정리해야 할까요?,"기출 오답은 최대한 당일에 정리해주시고, 사용된 공식은 반드시 암기해주셔야 합니다.",학습자료,공통,line489
기출 문제 푸는 순서를 알려주세요.,동국→건국→아주→세종 순으로 학교별 5개년치씩 풀고 다음 학교로 넘어가세요.,시험준비,공통,line490
기출 풀이와 오답까지 마치려면 공부 시간을 얼마나 확보해야 하나요?,매일 12시간 이상 확보해야 기출 풀이와 오답까지 마무리할 수 있습니다.,FAQ,공통,line491
가천대 기출은 어떤 특징이 있나요?,가천대는 편입수학 중 고난이도 출제 학교로 유명하니 오답 복습과 학교별 특징 정리를 병행하세요.,입시정보,이과,line492
건국대 기출은 몇 문제 정도 맞아야 하나요?,건국대는 난이도가 높지 않아 3개 이하로 틀리는 것을 목표로 학습하세요.,시험준비,이과,line493
동국대 기출 난이도는 어떤가요?,동국대는 비교적 쉬운 편이라 1개 이하로 틀리셔야 합니다.,시험준비,이과,line494
문법과 수학 공식 암기는 어떻게 병행해야 하나요?,틈틈이 문법과 수학 공식을 함께 암기해주셔야 합니다. 매일 시간을 따로 확보하시길 바랍니다.,학습법,공통,line495
이중적분·삼중적분은 어떻게 준비해야 하나요?,최근에는 난도가 높아지고 있으니 개념강좌를 확실히 자기 것으로 만든 후 문제풀이를 병행하세요.,수학,이과,line496
단어장은 언제 교체하는 게 좋을까요?,현재 단어장을 3회독 이상 마치고 충분히 익숙해졌을 때 새로운 단어장으로 넘어가시면 됩니다.,학습자료,공통,line497
영어 기출은 언제 시작하는 게 좋을까요?,수학보다 중요도가 낮으므로 10월 이후 독해력이 안정됐을 때 주 2회 정도 풀어주시면 됩니다.,영어,공통,line498
남은 기간 공부 시간은 어떻게 조절해야 할까요?,"하루 12시간 이상 공부하시고, 특히 원서 접수 기간(11월 말~12월 초)에는 공부 시간이 줄어드니 지금 미리 최대한 하셔야 합니다.",학습법,공통,line499
아주대 기출 난이도는 어떤가요?,아주대는 어려운 학교에 속하므로 다 맞는 것을 목표로 하기보다 최대한 많은 문제를 풀어내는 연습을 하세요.,시험준비,이과,line500
어휘 문제를 빠르게 찍다 보니 틀렸습니다. 어떻게 해야 할까요?,난이도가 낮은 문제라도 맥락을 꼭 해석해보고 답을 고르시는 게 좋습니다. 성적표 나오면 종합 피드백 드리겠습니다.,영어,공통,line501
내일 어떤 공부를 신경 써야 할까요?,문법 개념 보충에 더 신경 써주시길 바랍니다.,영어,공통,line502
틀린 개념은 어떻게 정리하면 좋을까요?,틀린 개념은 개념 노트에 보충해서 단권화 시켜주세요.,학습법,공통,line503
문법과 수학 공식을 어떻게 공부해야 하나요?,플래너에 적지 않더라도 문법과 수학 공식 암기는 매일 조금씩 나가주셔야 합니다.,학습법,공통,line504
선형대수와 미적분 공부 순서는 어떻게 해야 하나요?,선대 진도가 끝날 때까지는 문풀보다 진도를 더 우선시 해주세요.,수학,이과,line505
선형대수 요점정리 자료가 있을까요?,"네, 미적분처럼 선형대수 요점정리 자료도 제공 가능합니다.",수학,이과,line506
선형대수에서 중요한 개념은 무엇인가요?,고유값과 고유벡터는 선대에서 가장 중요한 개념이므로 반드시 개념 강좌를 제대로 들어주세요.,수학,이과,line507
고난이도 수학 문제는 어떻게 연습해야 하나요?,빨리 푸는 것보다는 최대한 많은 유형을 다뤄보는 게 중요합니다.,수학,이과,line508
공부 시간을 더 늘리려면 어떻게 해야 하나요?,방학 동안엔 11~12시간씩 공부하는 학생들도 있으니 채준학생도 시간을 늘려주세요.,FAQ,공통,line509
단어장은 언제 변경하는 게 좋을까요?,동의어까지 익숙해지면 단어장을 변경하셔도 괜찮습니다.,학습자료,공통,line510
급수 파트는 어떻게 공부해야 하나요?,공식 암기 위주로 공부해야 합니다.,수학,이과,line511
문법 공부 시간은 어느 정도 배분해야 할까요?,초반에는 문법을 매일 1~2시간 하지 않고 수학에 더 집중하는 편이 좋습니다.,영어,공통,line512
미적분2는 언제까지 끝내는 게 좋을까요?,되도록 7월 안에 끝내주시는 게 좋습니다.,수학,이과,line513
어휘 암기가 잘 안 될 때 어떻게 해야 하나요?,"아침, 점심, 저녁으로 세 번 반복해서 누적 암기해보세요.",학습법,공통,line514
수학과 영어 중 어느 것을 우선해야 할까요?,지금은 수학 성적을 더 올려야 하므로 수학을 우선시 해주세요.,수학,이과,line515
선형대수 벡터공간 파트가 어렵습니다. 어떻게 해야 하나요?,해설 강의를 반복해서 보면서 강사님과 동일한 접근 방식을 연습해보세요.,수학,이과,line516
기출문제는 언제부터 푸는 게 좋을까요?,보통 9월부터 시작하지만 컨텐츠가 부족하면 8월부터 시작해도 괜찮습니다.,시험준비,공통,line517
선형변환은 중요한 파트인가요?,최상위권 대학을 목표한다면 매우 중요한 파트입니다.,수학,이과,line518
공부 계획을 세웠는데 다 못 지키면 어떻게 해야 하나요?,계획을 다 지키는 게 최선이지만 상황에 맞게 조절하시고 최대한 균형 있게 챙겨주시면 좋습니다.,FAQ,공통,line519
여행 다녀오면 공부 루틴이 무너질 때는 어떻게 하나요?,여행 후에는 쉽게 풀어지니 짧게라도 챙기면서 흐름을 유지해 주세요.,FAQ,공통,line520
컨디션이 안 좋을 때 공부는 어떻게 해야 하나요?,몸이 우선이니 무리하지 마시고 단어 암기처럼 가벼운 공부만 챙겨주세요.,FAQ,공통,line521
공부 시간이 부족할 때 어떻게 분배해야 하나요?,영어와 수학을 고루 챙기되 우선순위를 정해서 시간 배분을 해보세요.,FAQ,공통,line522
아플 때 공부를 전혀 안 해도 괜찮을까요?,건강이 우선이지만 단어 정도는 가볍게 챙기면 좋습니다.,FAQ,공통,line523
수학 복습과 진도 중 무엇을 우선해야 할까요?,복습도 중요하지만 진도가 밀리지 않도록 우선 진도를 나가시는 게 좋습니다.,수학,이과,line524
미적분 공부는 어떤 순서로 하면 좋을까요?,미분을 먼저 끝내고 바로 적분으로 넘어가는 걸 추천드립니다.,수학,이과,line525
선형대수와 적분을 같이 공부해도 될까요?,초반에는 괜찮지만 후반부는 어려워서 적분을 먼저 끝내고 선형대수로 가는 게 좋습니다.,수학,이과,line526
수학 진도가 느린데 어떻게 해야 하나요?,시간을 늘리고 최대한 진도를 우선 챙기면서 복습은 짧게 가져가세요.,수학,이과,line527
알바 때문에 시간이 부족한데 수학은 어떻게 챙기면 좋을까요?,알바 전후로 짧게라도 인강을 듣고 복습은 최소화해 주세요.,수학,이과,line528
영어 문법 강의를 늦게 시작했는데 괜찮을까요?,문법은 더 끌면 안 좋으니 이번 달 안에 끝내는 걸 목표로 해주세요.,영어,공통,line529
영어 단어는 복습 위주로 해도 괜찮을까요?,복습만 하면 진도가 안 나가니 암기 위주로 챙겨주세요.,영어,공통,line530
영어 강사를 바꿔도 괜찮을까요?,강사 변경은 가능하니 본인 레벨에 맞는 강의를 선택하세요.,영어,공통,line531
단어장은 어떤 걸 우선으로 봐야 하나요?,인강 선생님 단어장을 기본으로 하고 보카바이블은 보조로 챙기시면 됩니다.,영어,공통,line532
독해가 잘 안 되면 어떻게 해야 하나요?,문법과 독해를 동시에 챙기고 기본부터 정리해 주세요.,영어,공통,line533
모의고사는 언제부터 보는 게 좋을까요?,정기적으로 응시해서 현 상황을 점검하고 보완해 주세요.,시험준비,공통,line534
시험 직전에는 어떤 공부를 해야 하나요?,"오답노트와 단어, 문법을 반복적으로 확인하는 것이 좋습니다.",시험준비,공통,line535
시간이 부족할 때 시험 대비는 어떻게 해야 하나요?,우선순위를 정해 반드시 필요한 부분만 집중하세요.,시험준비,공통,line536
경영학과 편입을 준비해도 될까요?,경영학과는 영어 비중이 높으니 수학 대신 영어에 집중해 주세요.,입시정보,문과,line537
편입에서 문과와 이과 차이가 큰가요?,"문과는 영어 중심, 이과는 수학+영어 병행이 필요합니다.",입시정보,공통,line538
경영학과 진학을 위해서는 어떤 과목을 챙겨야 하나요?,영어가 최우선이고 추가로 논리와 독해를 강화해 주세요.,입시정보,문과,line539
커리큘럼을 따라가기가 버거운데 어떻게 해야 하나요?,주어진 커리큘럼을 최대한 지키되 불가피할 경우 최소 단위로라도 따라가 주세요.,커리큘럼,공통,line540
강의 순서는 어떻게 정하면 좋을까요?,문법→독해→논리 순으로 나가시면 효과적입니다.,커리큘럼,공통,line541
단기간에 인강을 다 들어야 할 때는 어떻게 하나요?,속성 강의를 활용해서 빠르게 완강해 주세요.,커리큘럼,공통,line542
공부 루틴을 유지하려면 어떻게 해야 하나요?,하루 계획을 세우고 아침에 바로 실행하는 습관을 들이세요.,학습법,공통,line543
슬럼프가 올 때는 어떻게 극복하나요?,작게라도 성취감을 느낄 수 있는 과제를 설정해 주세요.,학습법,공통,line544
오답노트는 어떻게 작성하는 게 좋을까요?,틀린 문제→이유→정답 근거 순으로 간단히 정리하세요.,학습법,공통,line545
영어와 수학 중 어떤 걸 먼저 공부해야 하나요?,상황에 따라 다르지만 두 과목을 고르게 챙겨야 합니다.,학습법,공통,line546
알바와 공부를 병행할 때는 어떻게 해야 하나요?,알바 전후로 짧게라도 챙기고 주말에 시간을 늘리세요.,학습법,공통,line547
단어장은 어떻게 활용하면 좋을까요?,퀴즐렛이나 교재를 병행해서 반복적으로 암기하세요.,학습자료,공통,line548
보카바이블은 꼭 다 외워야 하나요?,보카바이블은 보조로 활용하고 핵심은 프로파일러 단어장을 보세요.,학습자료,공통,line549
인강 교재가 늦게 도착했을 때는 어떻게 하나요?,교재가 오기 전에는 단어와 수학을 중심으로 챙겨주세요.,학습자료,공통,line550
이동 시간에는 무엇을 공부하면 좋을까요?,퀴즐렛 단어 암기나 인강 시청을 활용하세요.,학습자료,공통,line551
보조 자료는 어떻게 활용해야 하나요?,데일리테스트와 같은 보조 자료를 병행해서 꾸준히 확인하세요.,학습자료,공통,line552
BGM 문제집을 풀어도 괜찮을까요?,"네, 우선 BGM을 풀어보시고 어려운 부분은 반복하면서 단단 교재로 보완해주시면 좋습니다. 풀면서 해설을 꼭 확인하고 풀이 과정을 익혀주세요.",수학,이과,line553
수학 문제 풀 때 어떤 점을 중점적으로 봐야 하나요?,"정답을 맞추는 것보다 문제를 보자마자 단원이 바로 떠오를 수 있도록 유형별로 구조를 파악해 주세요. 특히 다변수, 선대, 미적 전반적으로 고르게 연습하는 게 중요합니다.",수학,이과,line554
영어 공부는 어떻게 챙기면 좋을까요?,"영단어는 매일 암기하시고, 독해와 문법 문풀을 꾸준히 병행해 주세요. 벼락치기가 안 되니 하루에 조금씩 반드시 챙기셔야 합니다.",영어,공통,line555
모의고사 접수를 어떻게 준비해야 하나요?,8월 김영 모의고사는 반드시 기한 내에 계열에 맞게 접수해 주세요. 응시 후에는 본인의 부족한 부분을 분석하고 보완 학습에 활용하세요.,시험준비,공통,line556
자기소개서 첨삭은 언제 받는 게 좋을까요?,"9월에 바로 첨삭을 받으셔도 되고, 공부가 더 중요하다 생각되면 천천히 진행하셔도 됩니다. 필요하시면 자료 요청해 주세요.",입시정보,공통,line557
BGM 문제집을 풀어도 괜찮을까요?,"네, 우선 BGM을 풀어보시고 어려운 부분은 반복하면서 단단 교재로 보완해주시면 좋습니다. 해설을 꼭 확인하고 풀이 과정을 익혀주세요.",수학,이과,line558
수학 문제 풀 때 어떤 점을 중점적으로 봐야 하나요?,"정답을 맞추는 것보다 문제를 보자마자 단원이 떠오를 수 있도록 유형별 구조를 파악해 주세요. 특히 미적분, 선대, 다변수 전반적으로 고르게 연습해 주세요.",수학,이과,line559
다변수 문제는 어떻게 연습해야 하나요?,"문제 보자마자 단원과 파트를 인식할 수 있도록 반복 연습하시고, 해설을 통해 풀이 과정을 다시 점검하세요.",수학,이과,line560
선형대수 공부가 어렵습니다. 어떻게 접근할까요?,선대는 어려운 단원이 많으니 작은 단원부터 단계적으로 풀어보세요. 이해가 부족한 부분은 유형별 문제로 반복 학습해 주세요.,수학,이과,line561
문풀을 할 때 오답은 어떻게 정리해야 할까요?,"틀린 문제는 오답노트에 기록하시고, 틀린 이유→정답 근거→다시 풀기 순으로 정리해 주시면 좋습니다.",수학,이과,line562
수학 문풀은 어떤 순서로 하면 좋을까요?,"굳이 순서를 정하지 마시고 미적, 선대, 다변수를 고르게 섞어서 푸세요. 특정 과목만 몰아서 하지 않는 것이 중요합니다.",수학,이과,line563
수학 기출은 언제부터 시작하는 게 좋나요?,BGM과 단단을 마무리한 뒤 기출을 풀어보시면 좋습니다. 파트별 문제집과 학교별 기출을 병행하세요.,수학,이과,line564
기출 문제는 어떤 방식으로 풀어야 하나요?,"제한 시간을 정해서 풀고, 틀린 문제는 반드시 해설을 확인하면서 유형을 정리해 주세요. 반복할수록 안정적인 점수가 나옵니다.",수학,이과,line565
파트별 문제집은 어떻게 활용해야 하나요?,단단과 유사하게 단원별로 정리하면서 풀어주세요. 어려운 문제와 쉬운 문제를 섞어서 복습하면 효과적입니다.,수학,이과,line566
성적을 안정적으로 올리려면 어떻게 해야 하나요?,수학 점수는 일정 수준까지 올린 뒤 기출을 반복하면서 유지하는 것이 중요합니다. 영어와 병행해 안정적으로 관리하세요.,수학,이과,line567
영어 단어 학습은 어떻게 해야 하나요?,"매일 일정량을 정해 꾸준히 암기하시고, 하루에 2~3회 복습 주기를 두시면 효과적입니다.",영어,공통,line568
영어 독해를 잘하려면 어떻게 해야 하나요?,"문풀에서 독해 문제를 풀 때 단순 정답 확인에 그치지 말고, 해석 연습과 문법 구조 분석을 함께 해주세요.",영어,공통,line569
영어 문법 학습은 어떻게 하면 좋을까요?,문법은 짧은 시간을 정해 매일 반복하세요. 문풀에서 틀린 문법 문제는 따로 정리해 두시면 좋습니다.,영어,공통,line570
영어 기출 문제는 언제 시작하면 좋나요?,단어와 문법을 어느 정도 챙긴 뒤 기출을 천천히 시작하세요. 해석 훈련과 병행하면 안정적입니다.,영어,공통,line571
영어 문풀은 어떻게 진행하면 좋을까요?,"독해와 문법을 섞어서 풀어주시고, 틀린 문제는 해석을 직접 적어보면서 복습해 주세요.",영어,공통,line572
세종대 기출은 난이도가 어떤가요?,세종대는 사고력을 요하는 까다로운 문제가 있어 난도가 높습니다. 점수와 백분위를 확인하면서 부족한 유형을 보완하세요.,영어,공통,line573
성대 영어 점수는 어느 정도 되어야 하나요?,안정적으로 합격하려면 성대 점수를 60~70점 이상까지 올려주셔야 합니다. 단어와 독해 훈련을 병행하세요.,영어,공통,line574
영어 벼락치기로 대비해도 될까요?,영어는 벼락치기로는 한계가 있습니다. 매일 단어와 문풀을 꾸준히 챙겨야 합니다.,영어,공통,line575
영어 단어와 독해 중 무엇을 우선해야 하나요?,"단어를 기본으로 챙기시고, 독해는 단어와 문법이 쌓일수록 더 수월해집니다. 병행해 주시는 게 가장 좋습니다.",영어,공통,line576
영어 공부 시간을 늘리는 게 좋을까요?,수학과 균형을 유지하면서 영어 시간을 조금 더 확보해 주시면 좋습니다. 특히 단어와 문풀은 매일 챙겨주세요.,영어,공통,line577
모의고사 접수를 어떻게 준비해야 하나요?,본인의 계열에 맞게 사전 접수해 주시고 반드시 응시해 부족한 부분을 확인하세요. 결과를 기반으로 학습 계획을 조정하세요.,시험준비,공통,line578
모의고사 점수는 어떻게 활용하면 좋을까요?,"틀린 문제를 분석해 오답노트로 정리하시고, 부족한 단원은 문제집으로 보충하세요.",시험준비,공통,line579
시험 전날에는 무엇을 공부하는 게 좋을까요?,새로운 내용보다는 그동안 정리한 오답노트와 단어장을 복습하세요. 컨디션 관리도 중요합니다.,시험준비,공통,line580
실제 시험 전략은 어떻게 세워야 하나요?,"시간 배분을 미리 정해서 연습하세요. 예를 들어 수학은 6:4 비율로 나누고, 영어는 독해부터 푸는 식으로 전략을 세우세요.",시험준비,공통,line581
시험 직전 컨디션 관리 방법이 궁금합니다.,"시험 2~3일 전에는 수면 패턴을 일정하게 맞추고, 지나치게 많은 문제를 풀지 말고 복습 위주로 진행하세요.",시험준비,공통,line582
자기소개서 첨삭은 언제 받는 게 좋을까요?,"9월에 바로 첨삭을 받으셔도 되고, 공부에 집중하고 싶다면 천천히 진행해도 괜찮습니다.",입시정보,공통,line583
편입 전형 준비는 언제 시작하는 게 좋나요?,"영어와 수학은 꾸준히 준비하시고, 서류와 면접은 시험 일정 2~3개월 전에 시작하시면 됩니다.",입시정보,공통,line584
대학별 기출은 어떻게 활용해야 하나요?,"지원하려는 대학의 기출을 최소 3년치 이상 풀어보시고, 출제 경향을 정리해 두세요.",입시정보,공통,line585
오답노트를 어떻게 정리해야 하나요?,"문제 번호, 틀린 이유, 정답 근거 순으로 기록하시고, 주 1회 이상 복습해 주세요.",학습법,공통,line586
공부 루틴은 어떻게 세우는 게 좋을까요?,"아침에는 수학, 오후에는 영어처럼 큰 흐름을 정하시고 세부 계획은 플래너로 관리하세요.",학습법,공통,line587
밤낮이 바뀌었을 때 어떻게 조정하면 좋을까요?,하루만이라도 공부량을 줄이고 일찍 잠들어 리듬을 회복하세요. 이후에는 규칙적인 시간에 공부를 시작하세요.,학습법,공통,line588
공부 시간을 늘리는 방법이 궁금합니다.,공부 시간은 점진적으로 늘려야 합니다. 하루에 30분씩 추가하는 방식으로 습관을 만들어 주세요.,학습법,공통,line589
슬럼프가 올 때는 어떻게 해야 하나요?,"짧게라도 매일 공부를 이어가고, 쉬운 과목이나 단어 암기처럼 부담이 적은 학습부터 다시 시작하세요.",FAQ,공통,line590
단단 교재는 어떻게 활용하면 좋나요?,단단은 어려운 파트를 보완하는 데 활용하세요. BGM과 병행하면서 부족한 유형을 채워주세요.,학습자료,이과,line591
위클리 인서울 과정은 어떻게 풀면 좋나요?,수학 문풀 감을 익히기에 좋은 교재입니다. 매주 빠짐없이 풀고 복습까지 챙겨주세요.,학습자료,이과,line592
학원 수업 외에 무엇을 보완해야 하나요?,"수업에서 다룬 내용을 복습하고, 단어 암기와 문풀을 개인 학습으로 반드시 챙겨주세요.",커리큘럼,공통,line593
강좌 순서는 어떻게 들으면 좋을까요?,기본 강좌 완강 후 심화 과정으로 넘어가세요. 미적→선대→다변수 순으로 진행하면 효과적입니다.,커리큘럼,이과,line594
학원 상담은 얼마나 자주 받으면 좋을까요?,월 1~2회는 전화 상담을 받아 학습 방향을 점검하세요. 필요 시 추가 상담을 요청하셔도 좋습니다.,커리큘럼,공통,line595
확통은 어떻게 공부해야 하나요?,확통은 계산 실수를 줄이는 것이 핵심입니다. 기출과 문제집을 반복하며 풀이 과정을 꼼꼼히 확인하세요.,수학,이과,line596
미적분 킬러 문제는 어떻게 대비해야 하나요?,킬러 문제는 정석 풀이보다 접근 방법을 훈련하는 것이 중요합니다. 다양한 유형을 접하고 풀이 전략을 기록하세요.,수학,이과,line597
수학에서 시간 부족할 때 어떻게 해야 하나요?,문제를 풀 때 먼저 확실히 맞출 수 있는 문제부터 푸세요. 어려운 문제는 표시해두고 남은 시간에 도전하세요.,수학,이과,line598
영어 듣기 공부도 필요할까요?,"편입에서는 듣기 비중이 적지만, 기본 독해와 문법을 위한 발음·억양 감각은 도움 됩니다. 가볍게 뉴스나 리스닝 자료를 활용하세요.",영어,공통,line599
영어 문제 풀 때 시간이 부족합니다.,"시간 제한을 두고 풀어보시고, 틀린 문제는 왜 시간이 걸렸는지 분석해 주세요. 단어 부족이 원인일 수도 있습니다.",영어,공통,line600
영어 서술형 대비는 어떻게 하나요?,"주요 문법 포인트를 정리해 두시고, 간단한 영어 작문을 직접 써보는 훈련을 꾸준히 하세요.",영어,공통,line601
시험장에서 긴장을 줄이는 방법이 있을까요?,모의고사를 실제 시험처럼 치르며 연습하세요. 호흡 조절과 시간 분배를 평소에 훈련하면 긴장이 줄어듭니다.,시험준비,공통,line602
시험 응시 후 복기는 어떻게 하면 좋을까요?,시험 직후에 바로 틀린 문제와 헷갈렸던 문제를 기록하세요. 다음 공부에 활용하면 효과적입니다.,시험준비,공통,line603
실전 연습은 몇 회차 정도 필요한가요?,최소 5회 이상은 실제 시험과 동일하게 연습해 보셔야 안정적인 결과가 나옵니다.,시험준비,공통,line604
편입 영어 시험은 난이도가 어떤가요?,"상위권 대학일수록 난도가 높으며, 사고력과 응용력이 요구됩니다. 기출을 반드시 풀어보셔야 합니다.",입시정보,공통,line605
자소서 작성 시 유의할 점은 무엇인가요?,"본인의 경험을 구체적으로 쓰되, 과장하지 않고 진솔하게 작성하는 것이 중요합니다.",입시정보,공통,line606
면접 준비는 어떻게 해야 할까요?,전공 질문 대비와 자기소개 연습을 병행하세요. 예상 질문을 뽑아 답변을 직접 말해보는 것이 효과적입니다.,입시정보,공통,line607
아침 공부와 저녁 공부 중 언제가 더 효율적일까요?,"개인 성향에 따라 다르지만, 중요한 과목은 집중력이 좋은 아침 시간에 배치하는 것이 유리합니다.",학습법,공통,line608
집중력이 오래 안 가는데 어떻게 하나요?,"50분 공부 후 10분 휴식을 지키시고, 짧은 목표를 세워 달성감을 느끼며 공부하세요.",학습법,공통,line609
스터디 그룹은 도움이 될까요?,함께 문제를 풀고 해설을 공유하는 과정에서 큰 도움이 됩니다. 하지만 시간 낭비가 되지 않도록 규칙을 정하세요.,학습법,공통,line610
EBS 교재는 어떻게 활용하면 좋을까요?,교재 전체를 다 보기보다는 필요한 파트만 선별해서 보시는 게 효율적입니다.,학습자료,공통,line611
학교별 기출 문제집은 꼭 풀어야 하나요?,지원할 학교의 기출은 반드시 풀어야 합니다. 난이도와 출제 경향을 익히는 데 필수입니다.,학습자료,공통,line612
인강 복습은 어떻게 하는 게 좋을까요?,"강의를 들은 후 바로 문제를 풀어보시고, 중요한 부분은 2배속으로 다시 돌려보시면 효율적입니다.",커리큘럼,공통,line613
토요일이나 빨리 끝나는 날엔 뭘 하면 좋을까요?,쎄다 복습이나 문법 학습을 추가로 진행해주시면 좋습니다.,영어,공통,line615
공부 시간은 어떻게 관리해야 하나요?,하루 최소 10시간 이상은 공부하셔야 경쟁력을 갖출 수 있습니다.,FAQ,공통,line616
파이널 시즌 공부는 어떻게 해야 하나요?,파이널 강좌를 우선 나가면서 부족한 부분을 보충하시면 됩니다. 기출 문제는 매일 1회씩 꼭 풀어주세요.,시험준비,공통,line617
모의고사는 언제 응시하면 되나요?,"현재 중상위권 이상이라면 응시해서 위치를 확인하시고, 아니라면 진도와 복습에 집중하시는 것이 좋습니다.",시험준비,공통,line618
공학수학/파트별다지기/서성한 특별반은 어떻게 공부해야 하나요?,"공학수학은 공식을 정리하며 진도를 나가고, 파트별 다지기는 계산력을 기르며, 서성한은 꾸준히 재미를 붙여가며 학습해주세요.",수학,이과,line619
기출 문제는 어떻게 풀어야 하나요?,"매일 1회씩 학교별로 응시하시고, 틀린 유형과 이유를 정리해두시면 도움이 됩니다.",시험준비,공통,line620
재등록 기한은 언제까지인가요?,"재등록 기한은 9월 18일까지이며, 반드시 기한 내 결제 진행해주시길 바랍니다.",입시정보,공통,line621
공학수학과 기출의 학습 밸런스는 어떻게 잡아야 하나요?,공학수학은 하루 1강씩 진행하고 기출은 1회씩 꾸준히 풀어 균형을 맞추시면 됩니다.,수학,이과,line622
건대 기출 문제의 특징은 무엇인가요?,건대는 동일하거나 유사한 유형을 반복 출제하는 경향이 있으니 학교별 특징을 정리해두시면 안정에 도움이 됩니다.,시험준비,이과,line623
수학 공식 암기는 언제 시작해야 하나요?,이제부터는 지엽적인 공식들도 외우기 시작하셔야 시험 막판에 덜 힘듭니다.,수학,이과,line624
공학수학의 어떤 파트를 더 공부해야 하나요?,용수철과 같은 응용 문제들이 자주 나오니 해당 파트를 집중해서 문풀 연습해주시길 바랍니다.,수학,이과,line625
기출 문제 푸는 순서는 어떻게 되나요?,"동국→건국→아주→세종 순으로, 한 학교당 5개년씩 푸시고 넘어가시면 됩니다.",시험준비,공통,line626
아주대 기출은 제한 시간을 어떻게 잡아야 하나요?,영어 25문항 + 수학 25문항 총 90분 시험이므로 연습 시 60분 정도로 잡고 풀어보세요.,시험준비,공통,line627
세종대 기출 난이도는 어떤가요?,"영어 없이 수학만 시험이므로 난이도가 있고, 문제 퀄리티가 높으니 꼼꼼하게 분석해두시면 좋습니다.",시험준비,이과,line628
플래너는 언제 제출해야 하나요?,매일 공부 종료 후 플래너를 바로 보내주셔야 관리가 가능합니다.,FAQ,공통,line629
심리적으로 힘들 땐 어떻게 해야 하나요?,하루 종일 쉬는 것보다는 반나절 정도 휴식을 취하고 다시 패턴을 회복하는 것이 좋습니다.,FAQ,공통,line630
문법은 어떻게 학습하면 되나요?,주 1~2회는 반드시 리마인드하며 꾸준히 복습해주세요.,영어,공통,line631
학교별 기출 분석은 어떻게 하면 되나요?,"틀린 유형, 특징, 난이도를 메모장에 정리하고 반복해서 확인해두시면 대비가 쉽습니다.",시험준비,공통,line632
단어 암기를 효율적으로 하려면 어떻게 해야 할까요?,"매일 최소 1챕터씩 꾸준히 반복하고, 회독 속도를 높여 자주 눈에 익히는 것이 좋습니다. 틀린 단어는 오답노트에 따로 정리해두세요.",영어,공통,line633
MVP 단어가 기억이 잘 안 날 때 어떻게 복습해야 하나요?,"최근 외운 단어는 빠르게 점검하고, 오래전에 외운 단어는 집중적으로 다시 보세요. 헷갈린 단어는 표시해서 반복 확인하세요.",영어,공통,line634
단어 양이 버겁지 않은지 어떻게 판단할 수 있나요?,하루 학습이 무리 없이 끝난다면 적절한 양입니다. 여유가 있으면 점차 1챕터씩 늘려가세요.,학습법,공통,line635
단어 암기량을 늘릴 때 어떤 기준으로 조정해야 할까요?,"5월 초까지는 현재 양을 유지하고, 중순부터는 하루에 1챕터 정도 더 늘려보세요. 시험이 가까워질수록 회독 속도에 집중하세요.",학습법,공통,line636
교재는 언제 주문해야 하나요?,교재는 끝나기 전에 미리 주문해두셔야 다음 진도를 끊김 없이 나갈 수 있습니다.,커리큘럼,공통,line637
BGM 성적이 중상위권인데 어떻게 접근해야 하나요?,초반엔 중상위권이어도 마지막 모의고사쯤엔 상위권으로 올라가는 경우가 많으니 포기하지 말고 끝까지 진행해주세요.,시험준비,이과,line638
문제를 풀다가 시간이 부족할 때 어떻게 해야 하나요?,시험지에서 바로 풀 수 없는 문제는 과감히 넘기고 풀 수 있는 문제부터 빠르게 해결하는 연습을 해주세요.,시험준비,공통,line639
영단어는 하루에 얼마나 암기해야 할까요?,"어휘는 하루 최소 3day 이상 암기해주셔야 하고, 헷갈린 단어는 따로 정리해서 누적 복습해주시면 좋습니다.",영어,공통,line640
오답노트는 어떻게 작성해야 하나요?,"오답노트는 틀린 파트와 이유, 정답 근거까지 기록하고 일정 시간 뒤에 다시 풀어보셔야 합니다.",학습법,공통,line641
수학 복습은 어떻게 해야 하나요?,"강의 복습 시 책에 정리한 내용을 다시 보고, 중요하거나 틀린 문제는 꼭 다시 풀어보셔야 복습이 완성됩니다.",수학,이과,line642
공부 시작 시간이 자꾸 늦어집니다. 어떻게 해야 하나요?,공부는 오전 9시나 10시 이전에 시작해주셔야 진도를 다 나갈 수 있습니다. 시작 시간을 당겨주세요.,학습법,공통,line643
영어 강의는 하루에 몇 개 정도 듣는 게 좋을까요?,"영어 인강은 하루 2개 이하로 줄이고, 남는 시간은 수학에 투자해주시는 게 좋습니다.",영어,공통,line644
비지엠에서 점수가 잘 안 나오는데 괜찮을까요?,"비지엠에서 성적이 좋지 않아도 기출과 파이널 과정에서 충분히 오를 수 있으니, 약한 부분을 분석하고 보충하는 데 집중해주세요.",시험준비,이과,line645
학교 일정 때문에 시간이 부족할 때 어떻게 공부해야 하나요?,"학교 병행 시에는 반드시 이동 시간에 영단어를 암기하고, 집에서는 수학을 우선 진행해주세요.",학습법,공통,line646
자소서 초안은 언제 제출해야 하나요?,"자소서 초안은 9월 12일까지 제출해주셔야 첨삭을 받을 수 있고, 이후 제출 시 대기 기간이 더 길어질 수 있습니다.",입시정보,공통,line647
알바와 공부 병행이 힘든데 어떻게 해야 하나요?,"알바로 인해 반나절이 사라지면 공부 시간이 부족하니, 시험이 가까워지면 알바를 줄이는 것도 고려해주세요.",학습법,공통,line648
수학 강좌 순서는 어떻게 진행해야 하나요?,"다변수 완강 후에는 블랙과 비지엠에 속도를 내주시고, 이후 공학수학과 파트별 다지기 파이널 강좌로 넘어가시면 됩니다.",커리큘럼,이과,line649
틀린 문제는 언제 다시 복습해야 하나요?,틀린 문제는 바로 다시 풀지 말고 일정 시간이 지난 후 다시 풀어야 기억이 오래갑니다.,학습법,공통,line650
복습은 어떻게 진행하는 게 좋을까요?,"틀린 문제와 비슷한 문제를 찾아 다시 풀어보시고, 이전 강의 내용을 간단히 리마인드 후 시작하시면 좋습니다.",FAQ,공통,line651
남들 다 맞추는 문제는 어떻게 대비해야 하나요?,쉬운 문제일수록 반드시 맞추셔야 하니 오답 복습을 통해 같은 유형을 여러 번 풀어보세요.,FAQ,공통,line652
학교 과제가 많을 때 공부 시간을 어떻게 배분할까요?,"공부할 날이 얼마 남지 않았으니 최소 2시간 이상은 확보하고, 과제는 최대한 빨리 마무리하세요.",FAQ,공통,line653
공부할 시간이 부족할 때 우선순위는 어떻게 두어야 할까요?,"영어는 어휘를 최우선으로 두고, 수학은 오답 복습과 기출을 먼저 하시는 게 좋습니다.",FAQ,공통,line654
밤샘 공부해야 할 때 주의할 점이 있나요?,밤샘보다는 2시간이라도 주무시고 공부하는 게 효율적입니다.,FAQ,공통,line655
수학 복습은 어떻게 해야 할까요?,"오답부터 정리하고 관련 문제를 보충하며, 시간이 남으면 모의고사 한 회를 더 풀어주세요.",수학,이과,line656
비지엠 학습은 어떤 순서로 진행해야 하나요?,미니테스트 오답 → 관련 문제 보충 → 모의고사 응시 순으로 진행하시면 됩니다.,수학,이과,line657
심화 컨텐츠가 너무 어렵습니다. 어떻게 해야 하나요?,"해설을 보면서 이해 가능한 수준이면 계속 진행하시고, 벅차면 뒤로 미루셔도 괜찮습니다.",수학,이과,line658
미적분 이후에 선형대수나 다변수 블랙 강의도 들어야 하나요?,"현재는 비지엠과 공학수학, 기출을 우선으로 하시고 나머지는 추후에 진행하시면 됩니다.",수학,이과,line659
공학수학은 언제 시작하는 게 좋을까요?,비지엠을 마친 후 바로 공학수학 교재를 시작해 주세요.,수학,이과,line660
공식 암기는 언제까지 끝내야 하나요?,파이널에는 주요 공식 암기가 거의 다 완성되어 있어야 합니다.,수학,이과,line661
영어 강의는 어떻게 듣는 게 좋을까요?,진도 나가기 전 이전 강의를 간단히 복습한 뒤에 시작해 주세요.,영어,공통,line662
영단어 암기는 언제 하면 좋을까요?,이동시간이나 공강 시간을 활용해 틈틈이 암기해 주세요.,영어,공통,line663
영어 학습 시간은 줄여도 괜찮을까요?,"영어 강의는 하루 1~2강으로 줄이고, 수학에 더 투자해 주세요.",영어,공통,line664
어휘와 강의 중 우선순위는 무엇인가요?,시간이 부족할 때는 반드시 어휘를 최우선으로 해주세요.,영어,공통,line665
영어 교재는 어떤 순서로 공부해야 하나요?,블랙 이후 바로 다음 컨텐츠로 넘어갈 수 있도록 문풀의신 교재를 주문해 주세요.,영어,공통,line666
모의고사는 언제 응시하는 게 좋을까요?,"진도가 잘 나오는 경우 응시해 부족한 점을 확인하시고, 그렇지 않다면 복습과 기출에 집중하세요.",시험준비,공통,line667
모의고사 성적이 잘 안 오를 때 어떻게 해야 하나요?,꾸준히 오답을 정리하며 부족한 부분을 다른 교재로 보충해 주세요.,시험준비,공통,line668
모의고사 결과는 어떻게 활용하면 되나요?,최종 지표는 아니므로 참고만 하시고 부족한 단원을 체크해 보완하세요.,시험준비,공통,line669
김영모의고사는 꼭 봐야 하나요?,"상위권 학생은 응시해 현재 위치를 확인하고, 그렇지 않다면 기출 문제 풀이를 추천드립니다.",입시정보,공통,line670
모의고사 성적표 해석은 어떻게 해야 하나요?,상위 %와 점수를 기준으로 본인의 약한 영역을 파악해 주세요.,입시정보,공통,line671
블랙 강의는 끝까지 들어야 하나요?,블랙을 파이널 컨텐츠처럼 꼼꼼히 진행하셔야 합니다.,커리큘럼,공통,line672
파이널 컨텐츠는 언제 시작해야 하나요?,"현재 스케줄상 블랙을 파이널로 보시고, 비지엠 이후 기출로 넘어가시면 됩니다.",커리큘럼,공통,line673
교재는 언제 주문해야 하나요?,다음 교재는 꼭 미리 주문해 주세요. 늦으면 학습에 지장이 생깁니다.,커리큘럼,공통,line674
문풀의신 강의는 언제 듣는 게 좋을까요?,다른 컨텐츠를 끝낸 후 마지막에 진행해 주세요.,커리큘럼,공통,line675
오답노트는 어떻게 작성해야 하나요?,틀린 문제 → 이유 분석 → 정답 근거 순으로 정리해 주세요.,학습법,공통,line676
집중이 잘 안 될 때 어떻게 해야 하나요?,억지로라도 공부에 몰입할 수 있는 환경을 만들고 짧게라도 꾸준히 이어가세요.,학습법,공통,line677
알바와 공부를 병행해도 될까요?,시간이 부족하다면 알바를 줄이는 것도 진지하게 고민해 보셔야 합니다.,학습법,공통,line678
공부 계획은 어떻게 세워야 하나요?,"하루 시작 시간은 9시 전으로 정하고, 반드시 계획한 부분을 끝내도록 하세요.",학습법,공통,line679
공부할 때 루틴은 어떻게 잡아야 하나요?,아침 9시에 시작 → 2시간 학습 → 오답 정리 → 단어 암기 순으로 루틴을 유지하세요.,학습법,공통,line680
기출 문제는 언제부터 풀어야 하나요?,비지엠을 마친 뒤 바로 기출 파일로 들어가 주세요.,학습자료,이과,line681
파트별 다지기 교재는 꼭 필요한가요?,부족한 단원 보충을 위해 반드시 준비해 두셔야 합니다.,학습자료,이과,line682
공학수학 교재는 어디서 구하나요?,교재는 미리 주문해 두시고 학습 일정에 맞춰 바로 시작하세요.,학습자료,이과,line683
영어 교재가 늦게 도착하면 어떻게 하나요?,그 기간에는 영단어 암기 위주로 진행해 주세요.,학습자료,공통,line684
BGM과 블랙 강의를 어떻게 병행해야 하나요?,"BGM 하는 날엔 블랙을 줄이고, 블랙 하는 날엔 BGM을 줄이는 방식으로 균형 있게 진행해주세요.",수학,이과,line685
수학 강의 복습은 어떻게 해야 하나요?,"강의 복습 시 책에 정리한 내용을 다시 보고, 중요하거나 틀린 문제는 반드시 다시 풀어보셔야 합니다.",수학,이과,line686
다변수 강의와 블랙 강의 중 어떤 것을 우선해야 하나요?,다변수를 먼저 완강한 후 블랙과 비지엠을 속도 있게 진행해주세요.,수학,이과,line687
수학 오답 복습은 어떻게 하는 게 좋을까요?,틀린 문제는 바로 풀지 말고 일정 시간이 지난 후 다시 풀어야 장기 기억에 효과적입니다.,수학,이과,line688
BGM에서 반복적으로 틀리는 문제는 어떻게 해야 하나요?,"단단이나 고완풀, 쎄다 같은 교재에서 해당 단원을 찾아 복습해주셔야 완벽하게 정리됩니다.",수학,이과,line689
다변수 강의가 너무 많아 힘든데 어떻게 해야 하나요?,"이 시기가 이과 학생들이 가장 힘들어하는 시기지만, 계획대로 차근차근 진행하시면 곧 안정됩니다.",수학,이과,line690
수학 공식은 어떻게 암기해야 하나요?,"수학 공식은 매일 누적으로 복습하고, 문제 풀 때 바로 적용할 수 있도록 반복해주셔야 합니다.",수학,이과,line691
영단어는 하루에 몇 개씩 암기해야 하나요?,"영단어는 하루 최소 3day 이상 암기해주시고, 헷갈린 단어는 따로 정리해 누적 복습해주세요.",영어,공통,line692
영어 인강은 하루 몇 개 듣는 게 적절할까요?,영어 인강은 하루 2개 이하로 줄이고 남는 시간은 수학에 투자하시는 게 좋습니다.,영어,공통,line693
영어 교재는 언제 주문하는 게 좋을까요?,교재는 끝나기 전에 미리 주문해두셔야 다음 진도를 끊김 없이 나갈 수 있습니다.,커리큘럼,공통,line694
영단어 암기가 잘 안 될 때는 어떻게 해야 하나요?,"집중이 안 될 때는 짧게 끊어서 외우고, 누적 복습을 통해 다시 정리해주세요.",영어,공통,line695
영단어 암기는 이동 시간에도 가능한가요?,"네, 이동 시간에 영단어를 암기하는 것이 효율적입니다.",영어,공통,line696
어휘 복습은 어떻게 진행해야 하나요?,누적 복습을 통해 이전에 외운 단어와 헷갈리는 단어를 반복 확인해주세요.,영어,공통,line697
BGM에서 점수가 잘 안 나오는데 괜찮을까요?,BGM에서 성적이 좋지 않아도 기출과 파이널 과정에서 충분히 오를 수 있으니 낙담하지 말고 약한 부분을 보충해주세요.,시험준비,이과,line698
모의고사에서 시간 배분은 어떻게 해야 하나요?,풀 수 없는 문제는 과감히 넘기고 풀 수 있는 문제를 빠르게 해결하는 연습을 해주세요.,시험준비,공통,line699
시험에서 틀린 문제는 어떻게 활용해야 하나요?,틀린 문제를 오답노트에 기록하고 일정 시간 후 다시 풀어보면서 복습하세요.,시험준비,공통,line700
BGM 성적이 계단식으로 오르는 게 정상인가요?,"네, 성적은 수평 구간을 거치다가 갑자기 오르는 경우가 많으니 꾸준히 복습과 공식 암기를 병행해주세요.",시험준비,이과,line701
비지엠에서 계속 같은 점수대인데 어떻게 해야 하나요?,성적이 정체될 땐 복습과 기본기 보완에 집중하시면 곧 점수가 오릅니다.,시험준비,이과,line702
모의고사 접수는 꼭 해야 하나요?,"네, 진도가 부족해도 영어 시험만이라도 응시해 부족한 부분을 파악해 보완하셔야 합니다.",시험준비,공통,line703
오답노트는 어떻게 작성하는 게 좋을까요?,"오답노트는 틀린 문제, 이유, 정답 근거를 기록하고 일정 시간 뒤 다시 풀어보는 방식으로 작성해주세요.",학습법,공통,line704
공부 시작 시간이 자꾸 늦어지는데 어떻게 해야 하나요?,공부는 오전 9시 이전에 시작해주셔야 충분히 진도를 나갈 수 있습니다.,학습법,공통,line705
알바와 공부를 병행할 때 주의할 점은 무엇인가요?,"알바 전에는 단어 암기를 하고, 알바로 시간이 부족할 땐 진도를 줄여 핵심만 진행하세요.",학습법,공통,line706
공부 시간이 부족할 때 우선순위는 어떻게 세워야 하나요?,"영단어는 이동 시간에, 집에서는 반드시 수학을 우선 진행해주세요.",학습법,공통,line707
피곤해서 공부가 잘 안 될 때 어떻게 해야 하나요?,새벽까지 무리하지 말고 1시에 마무리하고 일찍 일어나서 시작하는 패턴을 유지해주세요.,학습법,공통,line708
복습이 부족하다고 느껴질 때 어떻게 보완하나요?,"강의 전에 책 내용을 다시 읽고, 틀린 문제를 반드시 다시 풀어야 복습이 완성됩니다.",학습법,공통,line709
자소서 초안은 언제까지 제출해야 하나요?,자소서 초안은 9월 12일까지 제출해야 첨삭을 받을 수 있습니다.,입시정보,공통,line710
자소서를 기한 내 제출하지 못하면 어떻게 되나요?,제출하지 못하면 첨삭 순서가 후순위로 밀려 대기 기간이 길어질 수 있습니다.,입시정보,공통,line711
학업계획서는 언제 첨삭받을 수 있나요?,학업계획서 초안 작성이 가능하다면 바로 첨삭을 받는 것이 좋습니다.,입시정보,공통,line712
재등록 기한은 언제까지인가요?,"재등록 기한은 9월 13일까지이며, 그 전에 진행해주셔야 합니다.",입시정보,공통,line713
수학 강좌는 어떤 순서로 진행해야 하나요?,다변수 → 블랙 → 비지엠 → 공학수학 및 파트별 다지기 파이널 강좌 순으로 진행해주세요.,커리큘럼,이과,line714
교재는 언제 주문하는 게 가장 좋은가요?,교재는 끝나기 전에 미리 주문해 두어 끊김 없이 진도를 나갈 수 있도록 해주세요.,커리큘럼,공통,line715
파이널 강좌는 언제 시작하나요?,비지엠이 완료되면 공학수학과 파트별 다지기 파이널 강좌로 넘어가시면 됩니다.,커리큘럼,이과,line716
시험 전날에는 어떻게 공부해야 하나요?,"시험 전날에는 오답노트와 헷갈리는 개념만 간단히 확인하시고, 새로운 문제는 풀지 않는 게 좋습니다.",FAQ,공통,line717
휴식은 언제 취하는 게 좋을까요?,"밥 먹을 때나 집중이 풀릴 때 짧게 쉬고, 길게 쉬는 시간은 하루 1번만 두세요.",FAQ,공통,line718
슬럼프가 올 때 어떻게 대처하나요?,슬럼프 때는 짧게 쉬고 다시 루틴을 이어가는 게 가장 효과적입니다.,FAQ,공통,line719
성적이 안 오를 때 어떻게 해야 하나요?,성적이 정체될 때는 오답 복습과 기본 개념 보완에 집중해주세요.,FAQ,공통,line720
공부와 수면은 어떻게 병행해야 하나요?,새벽까지 공부하기보단 1시에 마무리하고 일찍 일어나 규칙적으로 시작하는 게 좋습니다.,FAQ,공통,line721
6월 공부 계획은 어떻게 세워야 하나요?,"이번 달에는 선형대수를 꼭 끝내시고 다변수로 진입해보세요. 영어는 평일에는 단어, 주말에는 인강을 듣는 루틴을 권장드립니다.",커리큘럼,이과,line722
휴가 기간에 공부를 잘 못했는데 어떻게 회복하면 좋을까요?,"휴가 이후에는 바로 시험 모드로 들어가셔야 합니다. 수학 진도는 늦지 않게 이어가고, 영어는 단어와 인강을 병행하세요.",학습법,공통,line723
군 복무 중이라 공부 시간을 많이 확보하기 어렵습니다. 어떻게 해야 할까요?,"평일에는 단어 위주로 짧게라도 챙기고, 주말과 휴일에 인강과 수학 진도를 늘려주세요. 매일 가능한 만큼 꾸준히 하시는 게 중요합니다.",학습법,공통,line724
선형대수는 어느 시점까지 마무리해야 하나요?,"이번 달 안에 선형대수를 끝내시고, 늦어도 7월 안에는 다변수로 들어가야 이후 문풀을 충분히 할 수 있습니다.",수학,이과,line725
영어는 어떤 순서로 공부하면 좋을까요?,"평일에는 영단어를 꾸준히 암기하고, 주말에는 인강을 들어주세요. lv1을 마무리한 뒤 lv2는 8월까지 마무리하는 것을 목표로 하시면 좋습니다.",영어,공통,line726
모의고사 응시는 어떻게 준비하면 좋을까요?,"정해진 응시 기간을 꼭 지켜서 응시하시고, 틀린 문제는 오답노트로 정리하세요. 오답노트는 '틀린 파트 → 이유 → 정답 근거' 순서로 작성하세요.",시험준비,공통,line727
학원 공지사항은 어떻게 확인해야 하나요?,"학원 밴드 공지사항에 편입 관련 안내가 올라오니, 주기적으로 확인해주시기 바랍니다.",입시정보,공통,line728
영어 단어장은 어떤 걸 사용해야 할까요?,현재는 MVP 단어장을 반복 회독하는 것을 권장드립니다. 이후에는 프로파일러 보카를 추가해 학습하면 좋습니다.,학습자료,공통,line729
수학 문제 풀이와 진도 학습은 어떻게 병행해야 하나요?,"선형대수나 미적분은 진도를 나가면서 동시에 문제풀이를 병행해야 합니다. 하루 학습 시간을 나누어 절반은 진도, 절반은 문풀에 배정해보세요.",수학,이과,line730
전역 후 시험 준비는 어떻게 이어가야 하나요?,"전역 직후 바로 시험이 있으니, 지금부터 시험 모드로 루틴을 잡으셔야 합니다. 남은 군 복무 기간 동안 단어, 수학 진도, 영어 인강을 최대한 챙겨주세요.",시험준비,공통,line731
모의고사 성적은 어떻게 활용하면 좋을까요?,"성적 공개 후에는 백분위를 확인하시고 틀린 문제는 반드시 오답노트에 기록해주세요. 선지 고른 이유, 정답 근거까지 정리하면 효과적입니다.",시험준비,공통,line732
휴가 중에는 공부 시간을 어떻게 배분하는 게 좋을까요?,"휴가 중에는 전체 시간의 1/3~1/2만 공부에 투자하시고 나머지는 휴식으로 보내세요. 약속이 있는 날은 전후로 단어, 문풀 위주로 챙기시면 좋습니다.",학습법,공통,line733
수학 데일리 테스트는 시간 배분을 어떻게 하면 좋을까요?,문제당 최대 2분 이내로 푸는 연습을 해주세요. 제한시간 안에 풀어내는 훈련이 중요합니다.,수학,이과,line734
급수 파트 문제를 어떻게 대비해야 할까요?,"매클로린 급수, 부분분수 전개 등 기본 공식을 암기하고 해당 형태를 빠르게 떠올리는 연습을 하세요. 학교마다 반드시 출제되는 단골 파트입니다.",수학,이과,line735
영어 단어 공부는 어떻게 하는 게 효과적인가요?,"평일에는 매일 단어 암기를 루틴으로 잡고, 주말에는 인강을 보면서 모르는 단어를 추가로 정리하세요. 틀린 문제에서 헷갈린 단어도 함께 기록해두면 좋습니다.",영어,공통,line736
컨디션이 안 좋을 때는 어떻게 공부하면 될까요?,"몸이 안 좋을 때는 쉬는 것을 우선하시되, 여유가 생기면 단어 암기 같은 가벼운 공부부터 챙기세요. 무리하지 않고 꾸준함을 유지하는 것이 중요합니다.",FAQ,공통,line737
모르는 단어는 나중에 사전에 찾아보고 정리하는게 나을까요?,독해하다가 모르는 단어는 따로 찾고 정리해두신 뒤 암기해주셔야 합니다. 기본 단어장 + 독해/논리 중 만난 단어 + 전날 복습으로 관리하세요.,영어,공통,line738
단어 외울 때 시간을 어느 정도까지 투자하는 게 좋을까요?,"아침·점심·저녁 하루 3회 반복해서 외우시고, 상반기엔 하루 3~4시간 투자해 하반기에 수학에 집중할 수 있게 해주세요.",영어,공통,line739
수학 공식 노트를 따로 만드는 게 좋을까요?,기본 노트에 새로운 공식을 추가해 단권화 노트를 꼭 만드세요. 대부분 합격생들이 직접 공식 노트를 사용했습니다.,수학,이과,line740
수학 기출은 지금 풀지 않아도 될까요?,"네, 보통 기출은 7~9월부터 시작합니다. 그 전에는 기본 개념과 공식을 다지는 데 집중하세요.",수학,이과,line741
로피탈 문제를 함수 근사로 풀 수 있던데 근사는 미분 2에서 배우나요?,"해당 내용은 테일러급수, 즉 급수 파트에 속합니다. 교재 단원에서 테일러급수나 선형근사 부분을 확인해보세요.",수학,이과,line742
단어는 하루에 몇 개 정도 외우는 게 좋을까요?,이과생은 보통 하루 200~300개를 복습 포함 암기합니다. 반복해 눈에 익히는 것이 핵심입니다.,영어,공통,line743
동의어 학습은 언제 시작하는 게 좋을까요?,기본 단어가 완벽하게 외워진 뒤 2회독부터 동의어를 보시면 됩니다.,영어,공통,line744
보카바이블은 MVP보다 쉬운가요?,"네, 보카바이블은 단어 난이도가 낮고 예문과 이미지 자료가 많아 이해와 암기에 유리합니다.",영어,공통,line745
도형의 최대최소 문제는 공식을 따로 암기하는 게 좋을까요?,"네, 가능한 공식은 외우는 게 유리합니다. 잘 안 외워지면 공식 노트에 적어 자주 보세요.",수학,이과,line746
지금 기출 문제를 돌리는 건 이른가요?,"네, 지금은 빠릅니다. 기출은 보통 7~9월부터 시작하며, 지금은 예제가 기출 기반이니 조급해하지 않으셔도 됩니다.",수학,이과,line747
보카바이블은 하루에 몇 Day씩 하는 게 좋을까요?,"이과생이라면 하루 최소 3 Day, 복습 포함 200개 이상을 암기하는 게 적당합니다.",영어,공통,line748
독해는 지금 시기에 어느 정도 풀면 될까요?,이과생의 경우 하루 짧은 지문 5~8개 또는 인강 1~2강 정도가 적당합니다. 여름부터는 수학 비중을 늘려야 합니다.,영어,공통,line749
보카바이블 하나만 외우면 시험에 지장 없나요?,"네, A권과 B권 모두 암기하면 충분합니다. 편입 단어장은 범위가 비슷해 한 권을 끝까지 외우는 게 효과적입니다.",영어,공통,line750
이상적분은 적분에서 중요한 파트인가요?,"적분 활용이 가장 중요하고, 그 다음이 이상적분입니다. 두 파트 모두 시험에 반드시 출제됩니다.",수학,이과,line751
논리 공부는 언제 시작하는 게 좋을까요?,독해 강좌 완강 직후 시작하시면 됩니다. 여유가 되면 독해와 번갈아 진행하셔도 좋습니다.,영어,공통,line752
문법 노트도 만드는 게 좋을까요?,"네, 문법도 암기해야 푸는 문제가 많으므로 수학처럼 노트를 만들어 정리해두시면 도움이 됩니다.",영어,공통,line753
편입수학 교재는 어떤 걸 추천하시나요?,"개념·예제를 원하면 이공편입수학, 많은 문풀을 원하면 편머리를 추천드립니다.",수학,이과,line754
선형근사나 곡률은 출제 비중이 어떤가요?,"선형근사는 자주 출제되고, 곡률은 드물게 나옵니다.",수학,이과,line755
극좌표는 시험에서 얼마나 중요한가요?,학교마다 다르지만 여러 시험을 치르기 때문에 반드시 숙지해야 합니다. 곡률보다 훨씬 중요합니다.,수학,이과,line756
극좌표계 그래프는 외우는 게 좋을까요?,"네, 반드시 암기해야 합니다. 대부분의 응시생이 외우고 들어갑니다.",수학,이과,line757
공식 암기를 더 효과적으로 하는 방법이 있을까요?,빈칸 노트를 만들어 직접 채우거나 가리면서 외우는 방식이 좋습니다. 단순히 읽는 것보다 오래 기억됩니다.,학습법,공통,line758
적분 문제 푸는 속도를 어떻게 올리면 좋을까요?,"매일 10문제씩 시간을 재고 풀어보시고, 오답은 계산 실수인지 개념 오류인지 구분해 복습하시면 됩니다.",수학,이과,line759
행렬 계산이 자꾸 헷갈리는데 어떻게 연습해야 하나요?,"행렬 기본 연산은 하루에 20분씩 반복 훈련하시고, 주 1회는 기출 문제에서 실제 적용 연습을 하시면 효과적입니다.",수학,이과,line760
급수 단원에서 중요한 부분은 무엇인가요?,"수렴 판정법을 우선 정리하시고, 각 판정법의 적용 조건을 표로 만들어 암기하시는 것이 좋습니다.",수학,이과,line761
영어 단어 암기가 잘 안 돼요.,"단어장은 하루 30개씩 3회 반복 노출하시고, 예문을 직접 말하거나 써보면서 기억을 강화해 보세요.",영어,공통,line762
독해 시간이 부족합니다.,"지문을 읽을 때 문단별 주제문을 먼저 표시하고, 20분 내에 3지문을 처리하는 연습을 매일 하시면 좋습니다.",영어,공통,line763
문법 문제에서 자주 틀려요.,"틀린 유형을 모아 노트에 정리하시고, 주 2회는 같은 유형만 집중 훈련해 보세요.",영어,공통,line764
모의고사에서 시간을 잘 못 분배해요.,"60분 기준으로 30분은 수학, 30분은 영어에 배분하고, 마지막 5분은 검토 시간으로 확보하세요.",시험준비,공통,line765
실제 시험장에서 긴장을 줄이는 방법이 있나요?,"사전에 모의 시험을 3회 이상 실전처럼 치르고, 시험 당일에는 평소 풀던 루틴을 그대로 유지하시면 안정됩니다.",시험준비,공통,line766
편입 시험 준비는 언제 시작하는 게 좋나요?,"보통 4월 말~5월 초에 본격적으로 시작하는 것이 좋으며, 기초 과목은 3월부터 선행해 두시면 유리합니다.",입시정보,공통,line767
대학별 편입 전형 차이가 큰가요?,대학마다 영어·수학 비중이 다르니 목표 대학의 최근 3년 기출과 모집요강을 반드시 비교해 보셔야 합니다.,입시정보,공통,line768
커리큘럼은 어떤 순서로 진행되나요?,"1학기에는 기초 이론과 문제풀이, 2학기에는 기출 분석과 실전 모의고사 중심으로 진행됩니다.",커리큘럼,공통,line769
패스권을 활용하면 어떻게 공부하면 될까요?,"매주 정규 수업 후 복습 영상으로 보강하고, 모르는 부분은 Q&A 게시판을 통해 바로 확인하시면 됩니다.",커리큘럼,공통,line770
효율적인 공부 루틴을 만들고 싶어요.,"오전에는 개념 학습, 오후에는 문제풀이, 저녁에는 오답 정리 루틴을 고정해 두시면 좋습니다.",학습법,공통,line771
오답노트는 어떻게 작성해야 하나요?,"틀린 문제→틀린 이유→정답 근거 순서로 기록하시고, 주 1회는 노트만 따로 복습하세요.",학습법,공통,line772
슬럼프가 오면 어떻게 해야 하나요?,"1~2일은 휴식을 취하시고, 이후에는 가볍게 복습 위주로 공부하며 다시 리듬을 회복해 보세요.",FAQ,공통,line773
수학 계산 실수를 줄이려면 어떻게 해야 하나요?,"풀이 과정마다 단위와 부호를 확인하고, 마지막 답을 대입해 검산하는 습관을 들이세요.",수학,이과,line774
영어 단어 시험 준비는 어떻게 하나요?,"하루 전에는 전체 단어를 훑어보고, 시험 직전에는 틀린 단어만 다시 확인하세요.",영어,공통,line775
모의고사 오답은 어떻게 복습하는 게 좋을까요?,"틀린 문제를 유형별로 묶고, 같은 유형 문제를 5개 이상 추가로 풀어보시면 효과적입니다.",시험준비,공통,line776
"대학 편입에서 영어가 더 중요한가요, 수학이 더 중요한가요?","자연계열은 수학 비중이 크고, 인문계열은 영어가 더 중요합니다. 목표 대학 기준으로 맞추시면 됩니다.",입시정보,공통,line777
교재는 어떤 걸 쓰면 좋나요?,"기출 문제집과 기본 개념 교재를 병행하시고, 부족한 부분은 단원별 문제집으로 보완하세요.",학습자료,공통,line778
알바 때문에 단어를 못 외웠을 때 어떻게 해야 하나요?,"알바 전에는 조금이라도 단어를 암기하고, 끝나고 나서는 2시 전까지만 공부 마무리해주세요.",FAQ,공통,line779
공부 시작 시간을 자꾸 늦게 잡는데 어떻게 해야 하나요?,"매일 10시 이전에 시작하도록 패턴을 잡으시고, 늦어지면 카페인 없이 일찍 마무리하는 습관을 들이세요.",FAQ,공통,line780
너무 늦게 자고 늦게 끝내면 괜찮을까요?,2시 전에는 마무리해야 장기적으로 체력 관리가 됩니다.,FAQ,공통,line781
쉬는 시간을 얼마나 가져야 하나요?,"문풀이나 강의 후에는 짧게 쉬되, 열품타 중단 버튼을 눌러 기록을 정확히 해주세요.",FAQ,공통,line782
하루 공부시간은 몇 시간이 적당한가요?,12시간 이상 집중하시면 충분히 많이 하는 편입니다.,FAQ,공통,line783
영어 단어장은 어떻게 외우는 게 좋을까요?,"보카바이블 A권은 동의어까지 완벽하게 암기하시고, day 6씩 나누어 꾸준히 외우세요.",학습법,공통,line784
영어 강의는 하루에 몇 강 정도 들어야 하나요?,영어는 하루 3강씩만 들어도 충분합니다. 나머지 시간은 수학에 더 투자하세요.,학습법,공통,line785
영어 단어 암기와 영어 강의 중 무엇을 우선해야 하나요?,"영단어는 정해진 개수만큼 매일 반드시 암기하고, 그 후 영어 강의를 진행하세요.",학습법,공통,line786
수학 복습은 어떤 순서로 해야 하나요?,"강의보다 문풀 오답 복습을 먼저 하시고, 새로운 진도는 그 이후에 나가세요.",학습법,이과,line787
노트정리는 언제 하면 좋을까요?,강의 후 바로 정리하거나 하루 마무리 단계에서 노트정리를 완료하세요.,학습법,공통,line788
선형대수는 어떤 부분을 중점적으로 봐야 하나요?,"벡터, 직선·평면 방정식 단원을 정리해두시고, 개념 강의를 여러 번 반복하세요.",수학,이과,line789
급수는 어떻게 공부해야 하나요?,헷갈리기 쉬우니 유형별로 정리하고 복습을 매일 조금씩 해주세요.,수학,이과,line790
다변수와 BGM은 어떻게 병행하나요?,"다변수와 BGM은 같이 시작해주시고, 두 교재를 병행하며 정리해 나가시면 됩니다.",수학,이과,line791
블랙 강의와 고완풀은 어떤 순서로 진행하나요?,고완풀은 하반기로 미루고 블랙을 먼저 시작하세요. 교재 기다리는 동안 고완풀을 풀면 좋습니다.,수학,이과,line792
공식 암기는 언제까지 마쳐야 하나요?,"미적분, 급수, 선대 공식은 다변수와 BGM 들어가기 전에 대부분 끝내세요.",수학,이과,line793
단어 암기량을 조절해야 할까요?,"정해진 분량을 지키고, 동의어까지 포함해 암기하세요.",영어,공통,line794
영어 강의와 문풀은 어떻게 나눠야 하나요?,강의 후 필기 복습 → 틀린 문제 다시 풀기 순서로 진행하세요.,영어,공통,line795
영어 교재는 언제 바꿔야 하나요?,"Lv.1 완강 후 Lv.2로 넘어가시고, 진행 속도는 1/3 정도까지 나가는 것을 목표로 하세요.",영어,공통,line796
영어 공부가 잘 안될 때 어떻게 해야 하나요?,"단어를 우선 외우시고, 강의는 하루 2~3강만 소화하세요.",영어,공통,line797
단어와 독해 중 무엇을 우선해야 하나요?,단어를 먼저 암기하고 독해를 진행하셔야 이해도가 높아집니다.,영어,공통,line798
시험 대비 복습은 어떻게 해야 하나요?,진도 나가기 전에 반드시 매일 복습을 먼저 하세요.,시험준비,공통,line799
모의고사 전날 공부는 어떻게 해야 하나요?,"오답노트 정리와 공식 암기에 집중하시고, 무리한 진도는 피하세요.",시험준비,공통,line800
시험장에서 집중력이 떨어질 때는 어떻게 하나요?,짧게 눈 감고 호흡을 정리한 후 다시 문제에 집중하세요.,시험준비,공통,line801
실제 시험에서 수학과 영어 시간 배분은 어떻게 해야 하나요?,수학:영어 비율은 6:4로 잡으시면 안정적입니다.,시험준비,공통,line802
시험 직전 일주일은 어떻게 보내야 하나요?,기출문제 풀이와 오답 복습 위주로 마무리하세요.,시험준비,공통,line803
편입 지원 시 학과 선택은 어떻게 해야 하나요?,"관심 있는 학과를 먼저 정하시고, 해당 학과 맞춤 자소서를 준비하세요.",입시정보,공통,line804
자소서는 언제 준비하는 게 좋을까요?,"9월부터 자기소개서 첨삭이 제공되니, 여름방학 동안 초안을 작성해두세요.",입시정보,공통,line805
자소서 첨삭은 몇 개 학과까지 가능한가요?,자소서는 지원할 한 학과에 대해서만 첨삭이 제공됩니다.,입시정보,공통,line806
편입 시험에서 수학 난이도는 어떤가요?,"선형대수, 다변수에서 고난도 문제가 자주 출제됩니다.",입시정보,이과,line807
영어 시험 준비는 어떻게 해야 하나요?,어휘 비중이 크므로 단어 암기를 매일 꾸준히 해주셔야 합니다.,입시정보,공통,line808
7월 한달 동안 커리큘럼은 어떻게 세워야 하나요?,"수학은 미적분·급수 화이트 완강 후 선대 시작, 영어는 Lv.1 완강 후 Lv.2 1/3 진도까지 가시면 됩니다.",커리큘럼,공통,line809
교재는 언제 주문하는 게 좋을까요?,강좌 끝나기 전에 미리 주문하셔야 늦지 않습니다.,커리큘럼,공통,line810
재등록 기한은 언제까지인가요?,재등록 기한은 문자로 안내된 날짜까지 반드시 지켜주세요.,커리큘럼,공통,line811
플래너는 언제 보내야 하나요?,매일 공부 종료 후 오늘 완료 플래너와 내일 계획 플래너를 함께 보내주세요.,커리큘럼,공통,line812
공부 시작 인증은 어떻게 해야 하나요?,아침에 책상 앞에 앉은 인증샷을 보내주시면 됩니다.,커리큘럼,공통,line813
교재 순서는 어떻게 잡아야 하나요?,화이트 → 블랙 → 고완풀 순으로 진행하세요.,학습자료,이과,line814
BGM 교재는 언제 시작하나요?,다변수와 함께 바로 병행해서 시작하세요.,학습자료,이과,line815
영어 단어장은 어떤 걸 쓰나요?,보카바이블 A권부터 시작하시고 이후 필요 시 B권으로 넘어가세요.,학습자료,공통,line816
추가 문제집은 어떻게 활용해야 하나요?,강의 교재 외에 기출문제집을 병행해주시면 좋습니다.,학습자료,공통,line817
노트 필기는 어떤 형식으로 정리해야 하나요?,"굿노트나 노트에 정리해두고, 완료·미완을 표시해서 관리하세요.",학습자료,공통,line818
김영편입 강좌는 개별 결제해야 하나요?,김영패스라는 패스권을 구매하시면 모든 강좌를 수강하실 수 있습니다.,커리큘럼,공통,line819
영어 단어는 하루 몇 개 외워야 하나요?,"늦게 시작하신 경우 하루 500개 이상을 목표로 하시고, 누적 복습을 통해 완벽도를 90%까지 끌어올려 주세요.",학습법,공통,line820
단어 암기 시간이 너무 오래 걸리는데 어떻게 조절해야 하나요?,"신규 단어는 가볍게 암기하고 복습 위주로 진행하시면서, 다른 영역(논리·문법)도 진도를 나가시는 게 좋습니다.",학습법,공통,line821
문법 교재는 어떻게 복습해야 하나요?,"101·201·301 단원을 하루에 같은 범위로 묶어서 복습하시고, 틀린 개념은 개념 노트에 추가해 단권화 해주세요.",영어,공통,line822
모의고사는 꼭 봐야 하나요?,의무는 아니지만 권장드립니다. 절대 지표는 아니지만 부족한 파트를 확인하고 보완하는 데 큰 도움이 됩니다.,시험준비,공통,line823
알바 병행 시 공부 계획은 어떻게 세워야 하나요?,"알바 있는 날엔 어휘와 누적복습은 반드시 끝내시고, 문법은 마지막에 배치하세요. 알바 없는 날엔 최소 10~12시간 공부를 목표로 하시면 좋습니다.",FAQ,공통,line824
통학 시간이 길 때 어떻게 활용해야 하나요?,통학 시간에는 단어 암기를 집중적으로 하셔서 학습 시간을 절약하시길 권장합니다.,학습법,공통,line825
자기소개서 첨삭은 언제 받는 게 좋을까요?,"9월부터 첨삭 프로그램이 열리니, 바로 초안을 작성해 제출하시면 빠르게 피드백 받으실 수 있습니다.",입시정보,공통,line826
수학과 영어를 동시에 해야 하나요?,가능하면 병행하시되 시간이 부족하면 수학을 우선으로 두고 영어는 병행 가능한 만큼 진행하세요.,FAQ,이과,line827
토익 준비와 편입 공부를 함께 해도 될까요?,"토익 자체 피드백은 어렵지만, 편입 공부 위주로 두시고 토익은 보조적으로 시간을 배분하시면 됩니다.",FAQ,공통,line828
강사는 어떻게 선택해야 하나요?,"수학은 장황수학T, 영어는 정병권T·김신근T 중에서 선택해주시면 됩니다.",커리큘럼,공통,line829
공부한 내용을 선생님께 어떻게 공유하나요?,"하루 공부 종료 후 총 공부 시간·체크표시가 있는 플래너, 내일 플래너, 열품타 타임라인 사진을 보내주시면 됩니다.",FAQ,공통,line830
공부 시간은 어떻게 관리해야 하나요?,열정품은타이머 앱을 활용해 영어 단어·인강·문풀 3파트로 나눠 시간을 측정하시면 효과적입니다.,FAQ,문과,line831
합격 플래너는 어떻게 사용하나요?,"하이퍼링크가 포함된 2026 편입 합격 플래너를 참고하시고, 매일 플래너 제출 시 해당 양식을 쓰셔도 좋고 자유 양식을 사용해도 괜찮습니다.",학습법,공통,line832
가이드북은 어디서 확인할 수 있나요?,"링크를 통해 제공되며, 관리 방식과 합격 전략을 참고하시면 됩니다.",입시정보,공통,line833
편입 공부 시작은 어떤 과목부터 해야 하나요?,"수학과 영어를 병행하되, 기초가 부족하다면 수학을 우선적으로 학습하시고 영어는 꾸준히 병행하시면 됩니다.",FAQ,이과,line834
강좌는 어떻게 선택하면 되나요?,"김영편입 메인 페이지에서 수학은 장황수학T, 영어는 정병권T·김신근T 중에서 선택하시면 됩니다.",커리큘럼,공통,line835
공부한 내용을 선생님께 어떻게 공유하나요?,"공부 종료 후 총 공부 시간과 체크된 플래너, 내일 플래너, 열품타 타임라인 사진을 보내주시면 피드백 드립니다.",FAQ,공통,line836
교재 없이 인강을 들어도 되나요?,"교재가 오기 전까지는 어휘 학습을 우선하시고, OT 강의만 미리 들어두시는 것이 좋습니다.",학습자료,공통,line837
인강은 하루에 몇 강씩 듣는 게 적당한가요?,"편입영어 프로파일러 Lv.1 강좌를 하루 4강씩 순서대로 수강하시고, 남는 시간에는 어휘를 학습해주시면 됩니다. 강의 전에는 전날 들은 내용을 간단히 복습하세요.",커리큘럼,공통,line838
"문법, 독해, 논리 순서로 들으면 문법을 하나 더 듣게 되는 건가요?",네 맞습니다. 정해진 순서대로 진행하시면 됩니다.,커리큘럼,공통,line839
어휘는 어떤 방식으로 암기해야 하나요?,"표제어 위주로 매일 암기하시고, 전날 학습한 내용을 누적 복습하는 방식으로 진행하시면 효과적입니다.",학습법,공통,line840
학교 과제 때문에 공부가 힘든데 어떻게 해야 하나요?,학교 일정이 있을 때는 공부량을 줄이더라도 최소한 어휘 암기만은 이어가시길 권장드립니다.,FAQ,공통,line841
공부 시작 시간을 어떻게 관리해야 하나요?,"매일 정해진 시작 시간을 정하고, 그 시간에 맞춰 자리에서 플래너와 인증샷을 보내 습관을 유지하시면 좋습니다.",FAQ,공통,line842
공부량이 부족하다고 느껴질 때는 어떻게 해야 하나요?,"다른 학생들의 평균량을 참고해 최소 2/3 이상은 따라가도록 하고, 쉬는 시간을 짧게 가져 타이트하게 공부하시길 권장드립니다.",FAQ,공통,line843
재등록일을 놓쳤을 때는 어떻게 해야 하나요?,"재등록은 담당 선생님과 조율 가능하며, 다시 시작할 시점을 정확히 말씀해주시면 됩니다.",FAQ,공통,line844
편입 영어 단어가 잘 안 외워지는데 어떻게 해야 하나요?,"첫 회독은 50% 암기 목표로 하고, 101→301→201 순으로 반복하세요. 회독할수록 익숙해지니 걱정하지 마시고 꾸준히 반복하시면 됩니다.",영어,공통,line845
영어 문법 강의를 어느 정도 듣고 논리 수업을 시작하면 좋을까요?,"문법 101, 201, 301을 먼저 완강한 뒤 논리 101을 시작하시면 좋습니다. 문법을 3주 안에 끝내는 걸 목표로 하세요.",영어,공통,line846
수학 미분 강의가 어려운데 특히 삼각함수 덧셈정리에서 막힐 때는 어떻게 해야 하나요?,생소한 개념은 반복 학습이 필요합니다. 빈 노트에 다시 정리하고 매일 복습을 통해 체화시키면 충분히 극복할 수 있습니다.,수학,이과,line847
수학 강의는 하루에 몇 강씩 듣는 게 좋을까요?,복습을 포함해 하루 2~3강을 듣는 걸 권장합니다. 진도를 나가면서 복습도 병행해야 합니다.,수학,이과,line848
영단어 학습은 회독과 복습 중 어떤 것이 더 중요할까요?,복습에 치중하기보다 책을 여러 번 빠르게 회독하는 것이 효과적입니다. 진도를 계속 나가면서 반복 회독하세요.,영어,공통,line849
공부 루틴은 어떻게 짜는 게 좋을까요?,1시간~1시간30분 공부 후 20~30분 휴식을 반복하는 패턴을 만들어 보세요. 본인에게 맞는 루틴을 꾸준히 유지하는 게 가장 중요합니다.,학습법,공통,line850
토익이나 모의고사 같은 외부 시험은 어떤 의미가 있나요?,현재 위치를 파악하고 공부 방향을 잡는 데 도움이 됩니다. 동기부여 효과도 있으니 꼭 응시해보세요.,시험준비,공통,line851
공부 시간을 효율적으로 늘리려면 어떻게 해야 할까요?,아침 시간을 적극적으로 활용하는 것이 중요합니다. 오전 2시간을 확보해 학습 루틴을 잡으시면 효율이 올라갑니다.,학습법,공통,line852
단어 외울 때 어떤 순서로 진행해야 할까요?,"정병권T 단어장은 101→301→201 순으로 암기하세요. 첫 회독은 50% 암기 목표로 잡고 점차 70%, 80%로 늘리시면 됩니다.",영어,공통,line853
수학 진도를 어느 시점에 선형대수까지 나가야 하나요?,"미분과 적분을 5월 중순까지 마무리하고, 그 이후 선형대수로 진입하는 것이 이상적입니다.",수학,이과,line854
편입 영어 단어가 잘 안 외워지는데 어떻게 해야 하나요?,"첫 회독은 50% 암기 목표로 하고, 101→301→201 순으로 반복하세요.",영어,공통,line855
영어 문법 강의를 어느 정도 듣고 논리 수업을 시작하면 좋을까요?,"문법 101, 201, 301을 먼저 완강한 뒤 논리 101을 시작하세요.",영어,공통,line856
영단어 학습은 회독과 복습 중 어떤 것이 더 중요할까요?,복습보다 회독을 빠르게 여러 번 하는 것이 효과적입니다.,영어,공통,line857
단어 외울 때 어떤 순서로 진행해야 할까요?,정병권T 단어장은 101→301→201 순으로 암기하세요.,영어,공통,line858
논리 공부가 너무 어렵습니다. 어떻게 접근해야 할까요?,문법 기초가 잡힌 후 논리에 들어가면 훨씬 수월합니다.,영어,공통,line859
독해가 잘 안 되는데 어떻게 해야 하나요?,"단문 위주로 빠르게 읽고, 점차 긴 지문으로 확장하세요.",영어,공통,line860
어휘가 부족해 독해에 막힙니다.,단어장을 꾸준히 반복하며 독해 연습 병행하세요.,영어,공통,line861
영어 논리 문제풀이 속도가 느립니다.,풀이 후 반드시 해설 강의를 들어 논리 구조를 이해하세요.,영어,공통,line862
문법 문제풀이를 잘 못합니다.,문법은 단순 암기보다 예문을 반복해서 보는 게 효과적입니다.,영어,공통,line863
문법 학습 순서는 어떻게 해야 하나요?,"101→201→301 순서로 듣고, 복습은 매일 20분씩 하세요.",영어,공통,line864
수학 미분 강의가 어려운데 특히 삼각함수 덧셈정리에서 막힐 때는 어떻게 해야 하나요?,빈 노트에 다시 정리하고 매일 복습하세요.,수학,이과,line865
수학 강의는 하루에 몇 강씩 듣는 게 좋을까요?,복습 포함 하루 2~3강 권장합니다.,수학,이과,line866
수학 진도를 어느 시점에 선형대수까지 나가야 하나요?,미적분을 5월 중순까지 끝내고 선형대수로 가세요.,수학,이과,line867
적분이 너무 어렵습니다.,유형별로 정리해 반복하세요. 공식 암기보다는 응용 연습이 중요합니다.,수학,이과,line868
선형대수를 처음 시작할 때 유의할 점은?,행렬 연산에 충분히 익숙해져야 다음 단원이 수월합니다.,수학,이과,line869
수학 진도와 복습 중 어떤 게 더 중요한가요?,진도와 복습을 7:3 비율로 병행하세요.,수학,이과,line870
수학 모의고사는 언제부터 보는 게 좋을까요?,기본기를 다진 후 6월부터 보는 게 이상적입니다.,수학,이과,line871
확률과 통계는 언제 시작하면 좋을까요?,미적분 이후 여름방학부터 시작하는 걸 권장합니다.,수학,이과,line872
수학 문제풀이 속도가 너무 느려요.,풀이 시간을 정해두고 훈련하세요. 스톱워치를 활용해 보세요.,수학,이과,line873
수학 개념 강의는 몇 회독해야 하나요?,최소 3회독 이상을 목표로 하세요.,수학,이과,line874
공부 루틴은 어떻게 짜는 게 좋을까요?,1시간~1시간30분 공부 후 20~30분 휴식 패턴 권장.,학습법,공통,line875
공부 시간을 효율적으로 늘리려면 어떻게 해야 할까요?,아침 시간을 적극 활용해 오전 2시간 확보하세요.,학습법,공통,line876
집중력이 오래 가지 않아요.,25분 집중 + 5분 휴식의 뽀모도로 기법을 활용하세요.,학습법,공통,line877
계획을 세워도 잘 지키지 못합니다.,"작은 단위 계획을 세우고, 성취감을 쌓아 올리세요.",학습법,공통,line878
스터디를 하는 게 좋을까요?,혼자보다는 동기부여 측면에서 스터디가 효과적입니다.,학습법,공통,line879
하루 공부 시간은 몇 시간이 적당한가요?,"처음에는 6~8시간, 점차 10시간 이상으로 늘려가세요.",학습법,공통,line880
"밤에 공부하는 게 좋은가요, 아침이 좋은가요?",아침이 집중력이 높습니다. 밤공부는 최소화하세요.,학습법,공통,line881
효율적인 복습법은 무엇인가요?,"당일 복습, 3일 뒤 복습, 1주 뒤 복습의 3단계 복습법을 추천합니다.",학습법,공통,line882
집중력이 떨어질 때 어떻게 해야 하나요?,짧은 산책이나 가벼운 스트레칭으로 리프레시 하세요.,학습법,공통,line883
장기간 공부할 때 슬럼프 극복법은?,"목표를 다시 상기하고, 짧게라도 매일 책상에 앉는 습관을 유지하세요.",학습법,공통,line884
토익이나 모의고사 같은 외부 시험은 어떤 의미가 있나요?,현재 위치 파악 및 동기부여 효과가 있습니다.,시험준비,공통,line885
모의고사는 몇 회 정도 보는 게 적당한가요?,월 2회 정도 꾸준히 보는 게 좋습니다.,시험준비,공통,line886
실전 감각은 어떻게 키우나요?,실제 시험 시간에 맞춰 모의고사를 풀어보세요.,시험준비,공통,line887
시험 직전에는 어떻게 준비해야 하나요?,새로운 내용보다 지금까지 정리한 노트를 복습하세요.,시험준비,공통,line888
모의고사 점수가 안 오를 때는 어떻게 해야 하나요?,오답 노트를 꼼꼼히 분석하세요.,시험준비,공통,line889
시간 부족으로 문제를 다 못 풉니다.,먼저 풀 수 있는 문제부터 푸는 전략을 세우세요.,시험준비,공통,line890
시험 불안감을 줄이는 방법은?,호흡법과 루틴을 통해 긴장을 완화하세요.,시험준비,공통,line891
실전에서 실수를 많이 합니다.,실전 모의 훈련을 충분히 해서 익숙해지세요.,시험준비,공통,line892
과목별 시험 전략은 어떻게 세워야 하나요?,"강점 과목은 안정적으로, 약점 과목은 시간 배분에 주의하세요.",시험준비,공통,line893
시험 당일 컨디션 조절법은?,"전날에는 충분히 자고, 아침은 가볍게 드세요.",시험준비,공통,line894
영어 단어를 얼마나 외워야 하나요?,"이과는 영단어에 과도한 시간투자보다는 보카바이블 표제어 1~2회독을 기본으로 하되, 파생어·동의어는 상황에 따라 추가하면 됩니다. 표제어를 먼저 완벽히 외우는 것이 중요합니다.",영어,이과,line895
"보카바이블, 정병권 단어장, 단어 암기 프로그램 등 중에 어떤 걸 우선으로 해야 하나요?","보카바이블 표제어를 우선 외우고, 이후 파생어·동의어, 다른 단어장으로 넘어가면 됩니다. 이미 외운 단어장은 반복 회독하고, 단어 암기 프로그램은 암기력 점검 용도로 병행하면 좋습니다.",영어,이과,line896
영어 공부 시간 배분은 어떻게 해야 하나요?,"이과는 수학에 더 집중해야 하므로, 평소 수학:영어=6:4, 상황에 따라 7:3까지 수학 비중을 높여도 괜찮습니다. 영어는 단어+문법+독해 위주로, 단어만이라도 매일 꼭 챙기세요.",학습법,이과,line897
"영어 문법은 정병권T 101, 201, 301을 모두 들어야 하나요?","101로 문법 개념을 한 번 정리한 후, 201·301은 문제풀이 위주로 접근하고, 전체 회독보다는 시험 전까지 필요 부분만 챙겨도 충분합니다.",영어,이과,line898
영어 문법 강의가 어렵게 느껴지는데 어떻게 공부해야 하나요?,"문법의 바다는 넓으니 101~301로 80% 정도만 커버한다고 생각하고, 문제를 풀면서 예시나 기출로 보충해가면 됩니다. 너무 완벽을 추구하지 말고 독해·논리에 더 시간 투자하는 것이 좋습니다.",영어,이과,line899
"영어 인강(독해, 논리, 문법 등)에서 문법은 꼭 다 들어야 하나요?","편입 영어는 문법 문제 비중이 적어, 독해·논리 위주로 듣고, 문법은 후반기나 C과정부터 챙겨도 됩니다. A, B 과정에서는 독해와 논리에 집중하세요.",영어,이과,line900
수학 복습이 진도 나가는 것보다 중요한가요?,"복습이 중요하지만, 진도만 계속 미루면 나중에 시간이 부족해집니다. 진도 나가면서 복습은 데일리, 위클리 테스트나 문제집으로 병행하는 것이 좋습니다.",수학,공통,line901
"미분, 적분, 선형대수 등에서 진도를 빠르게 빼는 게 중요한가요?","초반에는 진도보다 개념·복습에 충실해야 하고, 중반부터는 복습을 병행하며 진도도 적정 속도로 빼야 합니다. 진도만 신경 쓰다가 복습을 놓치면 실력이 쌓이지 않습니다.",수학,이과,line902
"선형대수, 다변수미적분은 언제부터 시작해야 하나요?","선형대수는 4월 말~5월 초 진입, 다변수미적분은 5월 중순 이후 개강 시기에 맞추는 것이 좋습니다. 진도 따라가며 복습도 병행하세요.",수학,이과,line903
"선형대수 후반(선형사상, 고유치 등)이 너무 어렵게 느껴집니다.","해당 파트는 개념이 헷갈릴 수 있으니 여러 강사의 풀이, 노트정리, 반복 복습, 오답정리를 병행해야 합니다. 너무 조급해하지 말고, 현강·문제풀이·누적 복습으로 천천히 이해를 쌓으세요.",수학,이과,line904
모의고사는 어떻게 활용해야 하나요?,"현재 위치 파악, 문제 유형 분석용으로 활용하세요. 수학은 오답 노트, 해설 강의, 영어는 틀린 단어·선지·이유까지 분석해보는 게 중요합니다.",시험준비,공통,line905
"공부 슬럼프, 번아웃이 오면 어떻게 대처해야 하나요?",무리하지 말고 하루 이틀 푹 쉬어도 괜찮습니다. 휴식 후 최소한의 공부만 챙기다가 컨디션 회복되면 다시 정상 페이스로 돌아오세요.,학습법,공통,line906
플래너·공부계획은 어떻게 짜야 하나요?,"과목별 진도, 복습, 단어, 인강 등 구체적으로 분량을 적고, 실행 후 피드백하며 유동적으로 조절하는 것이 좋습니다.",학습법,공통,line907
단어 암기나 영어 진도가 뒤쳐지면 어떻게 해야 하나요?,"단어는 매일 꼭 챙기고, 진도는 현 상황에 맞춰 무리하지 않고 유동적으로 배분하세요. 필요하면 영어 시간만 따로 확보해 따라잡을 수 있습니다.",영어,이과,line908
수학과 영어 강사님은 어떻게 선택해야 하나요?,"OT와 맛보기 강의를 들어보고, 본인에게 맞는 스타일의 강사님을 선택하는 것이 중요합니다. 수학은 암기/공간지각력/개념파 등 스타일이 다르고, 영어는 독해·문법이 약한지 등 본인 약점에 따라 결정하세요.",커리큘럼,공통,line909
편입 영어 단어 암기는 어떻게 하면 좋나요?,"편입영어 단어는 어렵고 생소한 단어가 많으니 첫 회독은 50% 암기 목표로, 이후 50-70-80%로 점진적으로 늘리며 반복 학습하는 것이 효과적입니다.",영어,공통,line910
영어 단어를 퀴즐렛 등 어플로 외워도 괜찮나요?,퀴즐렛 등 단어 암기 어플을 적극 활용하면 이동시간 등 자투리 시간에도 단어를 효율적으로 암기할 수 있습니다.,영어,공통,line911
"영어 공부에서 단어와 문법, 독해 비중은 어떻게 잡아야 하나요?","문과는 영어가 더욱 중요하므로, 단어 암기와 문법, 독해 인강을 꾸준히 병행해야 합니다. 특히 문법은 기본서를 3주 내에 완강하고, 단어는 50% 이상 암기, 독해·논리도 꾸준히 챙겨주세요.",영어,문과,line912
영어 강의를 듣다가 너무 어렵거나 스타일이 안 맞으면 강사님을 바꿔도 되나요?,"본인에게 맞는 강사로 변경해도 괜찮습니다. 예를 들어, 정병권 강의가 어렵게 느껴지면 김신근T의 노베이스 강의부터 듣는 것이 추천됩니다.",영어,공통,line913
문법 강의를 들으려는데 어디서부터 들어야 하나요?,"노베이스(기초) 강의부터 듣고, 레벨1부터 차근차근 진행하는 것이 효율적입니다. 교재가 도착하기 전까지는 단어 암기, 교재가 오면 인강을 병행하세요.",영어,공통,line914
"보카바이블과 김신근 단어장, 둘 다 봐야 하나요?","김신근 단어장(레벨1)을 주력으로 암기하고, 보카바이블은 데일리테스트나 복습용으로만 활용해도 충분합니다. 두 단어장에 겹치는 단어가 많으니 둘 다 반복할 필요는 없습니다.",영어,문과,line915
공부 루틴이 잘 안 잡히고 공부 시간이 부족해요. 어떻게 해야 하나요?,"공부 루틴과 기상 루틴부터 만들고, 1시간~1시간 30분 집중공부 후 20~30분 휴식하는 패턴으로 꾸준히 반복하세요.",학습법,공통,line916
수학과 영어 진도는 어떻게 배분해야 하나요?,"문과는 영어 중심으로, 수학 진도는 복습과 진도를 병행하되 영어 시간이 줄지 않도록 관리하세요.",학습법,문과,line917
건강·알바 등 일정 때문에 공부를 자주 못 할 때 최소한으로 챙길 것은?,"컨디션이 안 좋거나 시간이 부족할 때도 영어 단어 암기, 영어 인강, 수학 진도 최소한으로라도 꼭 챙기세요.",학습법,공통,line918
모의고사나 데일리테스트는 어떻게 활용해야 하나요?,"모의고사는 현재 위치 파악, 오답노트 및 해설 강의와 병행, 데일리테스트는 단어 복습과 실력 점검용으로 활용하면 좋습니다.",시험준비,공통,line919
"진로(경영학과, 문과로 변경 등)에 고민이 있을 때 어떻게 해야 하나요?","자신의 진로에 대해 고민이 생기면 담당 선생님과 상담 후 결정하는 것이 좋으며, 결정 후에는 필요한 커리큘럼(영어 집중 등)에 맞게 학습 방향을 빠르게 전환하는 것이 중요합니다.",커리큘럼,문과,line920
"대표적인 영어 강사(정병권, 김신근)의 특징과 선택 기준이 궁금해요.","정병권T는 구문해석/독해가 어려운 노베이스 학생에게, 김신근T는 스킬 중심 및 기출해설이 강점이므로 본인 스타일에 맞춰 OT 후 결정하면 됩니다.",커리큘럼,공통,line921
"강의/교재 수강 신청을 실수로 잘못 신청했는데, 다시 신청할 수 있나요?","네, 각 강의는 50일 단위로 다시 신청해서 들을 수 있으니 크게 걱정하지 않아도 됩니다.",커리큘럼,공통,line922
영어 단어 암기를 잘 못하는데 반복 회독 외에 방법이 있나요?,"단어는 누구나 반복해서 까먹고 다시 외우는 과정을 겪으니, 첫 회독은 50% 암기만 해도 충분합니다. 완벽을 추구하지 말고 무한 반복하세요.",영어,공통,line923
편입 영어 단어장은 어떤 순서로 외우면 좋나요?,"김신근T 노베/프로파일러/보카바이블 등은 표제어 위주로 반복 회독하고, 추가로 파생어는 시간 여유 있을 때 챙겨도 됩니다.",영어,문과,line924
편입 단어장은 퀴즐렛 등 어플로 외워도 효과가 있을까요?,퀴즐렛 등 어플을 활용하면 이동/틈새시간에도 효율적으로 단어 암기가 가능하니 적극 활용하세요.,영어,공통,line925
인강 진도와 복습 비율은 어떻게 잡으면 좋은가요?,"인강 진도는 최소 하루 2~3강, 평일엔 파트별 1강, 주말엔 2강+복습처럼 배분하세요. 복습도 반드시 병행하세요.",학습법,문과,line926
일·알바와 병행하는데 최소 챙겨야 할 공부는 뭔가요?,"바쁜 날에도 꼭 영어 단어/인강 진도/데일리테스트 등 최소한의 공부는 챙겨야 하며, 쉬는 날은 진도와 복습을 늘리세요.",학습법,공통,line927
공부 슬럼프·번아웃일 때 대처법이 궁금해요.,"하루 2시간씩 짧게 시작해 성취감을 쌓고, 루틴을 만들어 점차 공부 시간을 늘리세요. 일주일에 1~2일은 과감히 쉬어도 됩니다.",학습법,공통,line928
모의고사는 꼭 응시해야 하나요?,"네, 김영 모의고사 등은 자신의 위치를 파악하고 오답 체크·실전 감각을 기르기 위해 반드시 응시해야 합니다.",시험준비,공통,line929
모의고사 점수가 낮으면 어떻게 대처해야 하나요?,"상위권 모의고사는 난이도가 높아 점수에 집착하지 말고 오답노트, 단어/문제유형 정리 등 실전 훈련에 집중하세요.",시험준비,공통,line930
문법/독해/논리에서 자신없는 파트는 어떻게 공부해야 하나요?,"자신 없는 파트는 인강과 문제풀이를 반복하며 개념 누적, 오답 정리, 추가 복습에 집중하세요.",영어,문과,line931
"영어 문제풀이 순서/방법이 고민일 때, 문제 설명 듣고 바로 풀어야 할까요?","실력 쌓는 중엔 문제 풀기 전 직접 먼저 고민해보고, 이후 해설 강의를 듣고 다시 풀어보는 경험이 중요합니다.",영어,공통,line932
학습 루틴(공부습관)은 어떻게 만들어야 하나요?,"매일 정해진 시간에 공부, 파트별 목표 설정, 열품타/플래너 등 기록 활용으로 루틴을 잡아가고, 주말엔 공부량을 늘려보세요.",학습법,공통,line933
영어 단어/강의/데일리테스트의 권장 공부량은?,"평일엔 파트별 강의 1개, 단어 day 2개+테스트, 주말엔 강의 2개 이상+단어량을 늘려서 반복하세요.",영어,문과,line934
"영어 단어 뜻 구분, 논리 문제 등 약점 파트는 어떻게 극복할 수 있나요?","반복적으로 약점 문제를 모아 오답 노트를 만들고, 개념 설명 강의와 기출문제 풀이로 약점을 보완하세요.",영어,문과,line935
학원 재등록이나 추가 등록 관련 궁금증이 있을 때 어떻게 해야 하나요?,"담당 선생님에게 문자/카톡 등으로 문의하거나, 추가 등록비용 결제 및 재등록 안내에 따라 진행하면 됩니다.",커리큘럼,공통,line936
진도 밀렸을 때 회복 방법이 궁금해요.,"하루 2~3강씩 강의 진도를 당겨서 듣고, 1~2주간은 집중적으로 공부량을 늘리며 따라잡으세요.",학습법,문과,line937
편입 준비 장기전에서 동기부여를 유지하는 방법이 궁금해요.,"중간중간 성취감을 느낄 수 있는 작은 목표를 세우고, 합격 후 캠퍼스 생활 등 구체적인 목표를 상상하며 꾸준히 루틴을 지키는 것이 중요합니다.",학습법,공통,line938
"정병권 T패스 강좌, 전부 다 신청해야 하나요?","문법 101~301만 신청하고, 어휘 101~301은 파일로 받으면 됩니다.",커리큘럼,문과,line939
"정병권T 교재 구매, 어떤 순서로 하면 되나요?","우선 문법 101교재, 문법 201/301 pdf, 어휘 101~301 파일 순으로 준비하세요.",커리큘럼,문과,line940
교재 배송 전까지 공부는 어떻게 해야 하나요?,"교재 오기 전엔 단어 외우기에 집중하고, 강의 OT를 들어두면 좋습니다.",학습법,공통,line941
mvp 단어장은 하루에 얼마씩 외우면 되나요?,하루 2챕터(또는 day 2개) 외우는 것이 기본입니다. 주말·여유시 양을 더 늘리는 것도 좋습니다.,영어,문과,line942
"영어 단어, 한 번에 다 외워야 하나요?","첫 회독은 50%만 목표로 반복, 점차 70→80%로 늘리면 충분히 암기할 수 있습니다.",영어,공통,line943
영어 단어 암기법에 정답이 있나요?,"어근, 연상법 등 방법보다 반복 회독이 가장 중요하며, 많이 보면 어느 순간 외워집니다.",영어,공통,line944
"강의 진도(문법, 논리, 독해)는 어떻게 나가야 하나요?","문법/논리는 101, 201, 301 순서로, 각 과정마다 교재와 인강을 병행하며 진도를 나가면 됩니다.",커리큘럼,문과,line945
"문법/논리/독해 강의, 언제까지 끝내야 하나요?","문법 301까지는 상반기(6월), 논리·단독·장독 101은 4~5월, 201, 301은 6월~7월까지 완료하는 것이 이상적입니다.",커리큘럼,문과,line946
각 과목별 강의 듣는 순서와 주의점이 궁금해요.,"문법 101~301, 논리 101, 단독 101, 장독 101 순으로 교재를 배송 타이밍에 맞춰 신청하면 됩니다.",커리큘럼,문과,line947
모의고사는 언제부터 응시하는 게 좋나요?,"단어 외우는 단계라도, 문과 학생은 김영 모의고사 등 반드시 응시해 실전 감각을 쌓는 게 좋습니다.",시험준비,문과,line948
강의가 어렵거나 진도가 느릴 때 대처법은?,"강의는 배속 재생을 활용, 단어는 무리하게 모두 외우려 하기보다 반복 회독으로 자연스럽게 익히세요.",학습법,공통,line949
"단어/강의 분량이 부족한지, 많은지 판단 기준은?","하루 공부량이 부족하다고 느껴지면 단어 챕터/강의 개수 늘리면 되고, 버겁다면 조절해서 자신에게 맞추면 됩니다.",학습법,공통,line950
"어휘/독해가 특히 어렵다고 느껴지는데, 대처법은?","단어/독해는 단기간에 오르기 어렵지만 꾸준히 문제풀이, 반복 암기로 반드시 성장하니 포기하지 말고 계속 시도하세요.",영어,문과,line951
단어/강의 루틴은 어떻게 잡는 게 좋은가요?,"평일: 강의 1~2개, 단어 day 2개. 주말: 강의·단어량 모두 20~30% 더 늘려 반복하세요.",학습법,공통,line952
여러 단어장을 어떻게 회독·암기해야 하나요?,"mvp/정병권 단어장 101·201·301을 1회독 후, 부족한 단어장은 챕터별로 한 번 더 반복해 외우면 효과적입니다.",영어,문과,line953
문제를 풀 때 모르는 단어가 많아도 괜찮나요?,"모르는 단어는 오답노트로 정리하고, 반복적으로 외우다 보면 문제풀이 실력이 점차 늘어납니다.",영어,공통,line954
정병권 강사님 단어장은 얼마나 외워야 하나요?,"101, 201, 301 세 권만 마스터하면 단어는 충분합니다. 첫 회독 목표는 50% 암기, 이후 101/301을 하루에 1챕터씩 반복 학습을 추천합니다.",영어,이과,line955
영어 단어를 외울 때 동의어나 유사어도 다 외워야 하나요?,"첫 회독은 표제어 위주로 외우고, 두 번째부터 동의어, 유사어까지 넓혀가는 방식이 좋습니다. 시험 전까지 여러 번 반복 학습이 필요합니다.",영어,공통,line956
보카바이블과 정병권 단어장 중 뭐가 더 쉬운가요?,"보카바이블이 상대적으로 쉽고, 정병권 단어장은 더 어렵지만 시험에 더 도움이 됩니다. 두 단어장 모두 반복해서 봐야 합니다.",영어,공통,line957
영어 단어를 매일 외워야 하나요?,"단어는 인강처럼 몰아서 하는 게 아니라, 매일 꾸준히 외워야 효과가 큽니다.",영어,공통,line958
영어 단어 외우는 데 시간이 너무 오래 걸리는데 괜찮나요?,단어 외우기는 시간이 오래 걸리는 게 정상입니다. 꾸준히 반복해서 외우는 것이 가장 중요합니다. 힘들어도 포기하지 마세요.,영어,공통,line959
영어 데일리 테스트에서 10개 정도 틀리는데 괜찮은가요?,"괜찮습니다. 틀린 단어를 보충해서 외우고, 꾸준히 반복하는 것이 중요합니다.",영어,공통,line960
"영어 인강 레벨 1, 2, 3은 언제 넘어가야 하나요?","한 레벨의 교재(독해, 논리, 문법 등)를 80~90% 이상 끝냈으면 바로 다음 레벨로 넘어가시면 됩니다.",영어,공통,line961
영어 모의고사는 어떻게 활용하면 좋은가요?,"본인 위치 파악과 문제 유형 분석이 목적입니다. 실전처럼 응시한 후, 오답 노트와 틀린 이유 분석을 반드시 병행하세요.",영어,공통,line962
영어 점수 향상을 위해 무엇을 신경 써야 하나요?,"강의와 단어를 매일 꾸준히 챙기고, 독해·논리·문법을 골고루 신경 써야 성적이 잘 오릅니다.",영어,공통,line963
영어 독해/논리가 너무 어렵게 느껴질 때는 어떻게 해야 하나요?,"인강을 통해 문제 접근법을 반복 학습하고, 다양한 문제를 풀면서 실전 감각을 익히는 것이 중요합니다.",영어,공통,line964
경희대 등 편입 지원 시 토익 점수는 어떻게 준비하면 되나요?,"수학과 영어 커리큘럼을 우선 따라가고, 후반기에 단어 기반이 충분할 때 문제집으로 준비하면 700~800점 이상 받는 게 어렵지 않습니다.",시험준비,공통,line965
인강을 들었을 때 복습은 얼마나 해야 하나요?,"인강 진도가 빠르다면 복습만 집중하는 날을 잡아도 괜찮습니다. 1:1 비율로 하거나, 1주일 정도 복습에 몰두해도 좋습니다.",학습법,공통,line966
"학원, 학교 병행할 때 시간 배분은 어떻게 해야 하나요?","학교 일정이나 실습, 시험 기간에는 최소한의 핵심만 챙기고, 여유 있을 때 복습·진도를 보충하는 것이 효율적입니다.",학습법,공통,line967
플래너에 어떤 식으로 공부 내용을 기록하면 좋은가요?,"어떤 단어(몇 챕터), 어떤 강의(몇 강), 복습, 문제풀이 등 구체적으로 적어야 피드백을 받기 쉽고, 본인 학습 진단에 도움이 됩니다.",학습법,공통,line968
수학 진도가 끝나면 바로 다음 파트로 넘어가도 되나요?,"진도 나가는 것도 중요하지만, 미분·적분·선형대수 등은 반드시 복습을 마친 뒤에 다음 파트(다변수 등)로 넘어가야 합니다.",수학,이과,line969
다변수미적분 진도는 언제 시작해야 하나요?,"3, 4월에는 선형대수 중심으로, 5월부터 다변수미적분 강의를 시작하는 것이 정규 커리큘럼에 맞는 진행입니다.",수학,이과,line970
다변수미적분을 처음 시작하는데 주의할 점이 있나요?,"계산이 복잡할 수 있으니, 복습하면서 계산 실수를 줄이는 연습을 하고, 강의 진도를 따라가며 문제풀이를 병행하세요.",수학,이과,line971
"선형대수 고유치, 선형사상 파트가 어려울 때는 어떻게 해야 하나요?","개념 영상, 해설 영상, 예제·심화 문제 풀이를 최대한 반복하고, 문제집을 여러 번 풀어가며 이해도를 높이는 것이 핵심입니다.",수학,이과,line972
선형대수 문제 푸는 법을 잘 모르겠어요,"개념을 반복 복습하고, 여러 문제 풀이 방법(강사별 풀이 포함)을 비교해보며, 풀이 과정별로 자기 것으로 만드는 과정이 필요합니다.",수학,이과,line973
수학 복습에 시간이 오래 걸려도 괜찮은가요?,수학 복습은 양이 많아서 시간이 오래 걸리는 것이 정상입니다. 꾸준하고 꼼꼼하게 복습하는 것이 오히려 실력 향상에 효과적입니다.,수학,이과,line974
"미분, 적분, 선형대수 등 개념이 잘 안 잡힐 때 어떻게 해야 하나요?","노트 정리, 반복 회독, 직접 빈 종이에 써보는 연습, 쉬운 문제부터 다시 풀어보기를 반복하는 것이 개념 정립에 매우 효과적입니다.",수학,이과,line975
모의고사 오답 정리는 어떻게 하나요?,"수학은 틀린 문제 파트별로 분류해서 해설 강의를 참고하고, 영어는 틀린 단어·선지를 표시한 후 왜 틀렸는지 분석해보는 습관을 들이세요.",시험준비,공통,line976
모의고사에서 시간이 부족하고 모르는 문제가 많아요.,"실전에서 시간을 재고 여러 번 경험해 보며, 복습을 통해 개념을 다지고, 문제풀이 연습을 반복해 나가는 것이 중요합니다.",시험준비,공통,line977
김영 모의고사는 반드시 신청해야 하나요?,"본인 위치 파악과 동기부여, 앞으로의 학습 방향 설정에 큰 도움이 되므로 반드시 신청하는 것이 좋습니다.",시험준비,공통,line978
"수학 데일리테스트, 위클리테스트는 어떻게 활용해야 하나요?","문제를 최대한 많이 풀어보고, 복습 차원에서 틀린 문제는 반드시 다시 풀어보는 것이 실력 향상에 중요합니다.",수학,이과,line979
수학 문제풀이가 부족한 것 같은데 어떻게 해야 할까요?,"진도에만 집중하지 말고, 데일리/위클리 테스트, 문제집 등에서 여러 문제를 반복해서 풀고, 풀었던 문제도 다시 풀어보세요.",수학,이과,line980
계산실수를 줄이고 싶습니다.,"한 문제당 시간을 넉넉히 두고(최대 20~30분), 과정을 꼼꼼히 적어가며 풀이 연습을 하세요. 여러 번 반복하면 실수도 줄어듭니다.",수학,이과,line981
필기노트는 어떻게 받나요?,"학원에서 제공하는 필기노트가 있으며, 담당 선생님께 요청하면 받을 수 있습니다. 단, 무단 배포는 금지입니다.",학습자료,공통,line982
필기노트는 직접 만들어야 하나요?,"직접 만들 필요는 없지만, 필기노트 만드는 과정이 개념 정리에 매우 효과적이니 가급적이면 본인 손으로 정리해보는 것을 추천합니다.",학습법,공통,line983
학교 실습·과제 등으로 공부를 못할 때 최소한으로 챙겨야 할 것은?,"시간이 부족할 땐 단어 암기, 짧은 복습, 인강 1강 등 핵심만 꼭 챙기고, 여유 있을 때 보충하는 방식이 효율적입니다.",학습법,공통,line984
공부 시간 확보가 어려울 때 어떻게 해야 하나요?,"플래너에 시간 단위를 세분화해서 기록하고, 짧은 시간이라도 꾸준히 매일 공부하는 것이 중요합니다.",학습법,공통,line985
복습을 할 때 어떤 방식이 가장 효과적인가요?,"개념 복습, 문제 재풀이, 오답 정리, 노트 필기 등 다양한 방법을 병행하는 것이 좋으며, 이해가 안 되는 부분은 강의를 반복 수강하세요.",학습법,공통,line986
영단어 암기를 꾸준히 이어가는 팁이 있을까요?,"매일 일정 시간에 정해진 양을 외우고, 퀴즐렛 등 어플이나 단어장을 활용해 짧은 시간이라도 복습하는 습관이 효과적입니다.",영어,공통,line987
"영어 단어는 어떤 교재, 어떤 방식으로 외워야 하나요?","이과 학생은 ‘보카바이블’ 단어장 표제어 위주로 1~2회독만 해도 충분합니다. 천일문 교재로 문장 내 단어도 함께 체크하며, 데일리테스트와 퀴즐렛 등 어플을 병행하면 효과적입니다.",영어,이과,line988
이과생 영어 공부 시간은 얼마나 투자해야 하나요?,"수학 비중이 높으므로 수학:영어=6:4~7:3으로, 단어와 문법, 독해만 기본적으로 매일 최소한 챙기면 됩니다.",학습법,이과,line989
영어 문법 기초가 약한데 어떻게 시작해야 하나요?,"‘천일문 master 500 sentences’ 교재로 문법 기초를 다진 뒤, 인강으로 문법 개념을 반복 학습하세요. 너무 완벽하려 하지 말고 주어, 동사 등 기본 틀만 잘 챙기면 충분합니다.",영어,이과,line990
수학 진도는 어떻게 나가야 하나요?,"5월까지 유튜브(태성쌤 등)로 미적분 완강, 그 후 적분, 선형대수, 다변수미적분 순으로 커리큘럼을 따르세요. 학교 병행 시 주 2~3강, 방학엔 속도 늘리면 됩니다.",수학,이과,line991
"학교, 아르바이트 등 병행 시 공부시간 확보는 어떻게 해야 하나요?","바쁜 날에도 수학 1강, 영어 단어 2챕터는 반드시 챙기고, 시간 날 때마다 진도와 복습을 병행해야 합니다.",학습법,공통,line992
영어 단어 암기가 너무 힘들고 오래 걸립니다. 어떻게 해야 하나요?,"단어 암기는 완벽보다 반복이 중요합니다. 첫 회독은 50%만 외워도 되고, 여러 번 회독하면서 점차 암기량을 늘려가세요.",영어,공통,line993
수학에서 도형(고1 개념 등)이 약한데 어떻게 보완해야 하나요?,"편입 수학에서 도형문제는 드물지만, 원·타원 방정식 등 핵심파트만 챙기면 충분합니다. 고1 도형 전체를 공부할 필요는 없습니다.",수학,이과,line994
"진도와 복습, 어느 쪽에 더 집중해야 하나요?","진도와 복습을 병행하되, 진도가 밀리면 방학에 집중적으로 따라잡으면 됩니다. 꾸준히 계획을 지키는 것이 중요합니다.",학습법,공통,line995
"데일리테스트, 위클리테스트 등은 어떻게 활용해야 하나요?","데일리테스트는 단어 복습용, 위클리테스트는 진도 점검·오답 정리에 활용하세요. 틀린 문제와 모르는 단어를 따로 체크해두면 효과적입니다.",시험준비,공통,line996
"모의고사는 언제부터 응시하는 게 좋고, 어떻게 활용해야 하나요?","수학 진도가 미분·적분까지 나가면 김영 모의고사 등 응시, 문제 유형과 실전 감각 파악에 중점을 두세요. 결과보다는 오답 분석에 집중하세요.",시험준비,공통,line997
"몸이 아프거나, 과제·시험기간 등으로 공부시간이 부족할 때 최소한 챙길 것은?","영어 단어, 수학 인강 1강만이라도 반드시 챙기고, 컨디션 회복 후 진도를 따라잡으면 됩니다.",학습법,공통,line998
강의 선택은 어떻게 하면 좋은가요?,"여러 강사 OT(맛보기) 강의를 들어보고, 본인에게 맞는 스타일로 선택하면 됩니다. 수학은 장황수학, 영어는 김수환T 등 추천 강사도 참고하세요.",커리큘럼,이과,line999
진도 관리가 느려질 때 동기부여/루틴 유지법이 궁금해요.,"공부 시간을 정해 매일 체크(열품타, 플래너 활용)하고, 계획을 세분화해서 소화 가능한 목표부터 실천하세요.",학습법,공통,line1000
"중간/기말시험, 아르바이트 등 일정이 많을 때 장기적으로 진도는 어떻게 관리해야 하나요?","학기 중엔 최소 진도만 챙기고, 방학 때 진도·복습을 몰아서 진행하면 됩니다. 진도 밀리더라도 포기하지 말고 끝까지 따라가면 충분합니다.",학습법,공통,line1001
편입영어 단어는 어떻게 외우는 게 좋은가요?,"쓰면서 외워도 되지만, 양이 많기 때문에 pdf 파일을 프린트해 눈으로 보고, 뜻을 가리며 외우고, 모르는 단어는 엑셀이나 노트에 영어만 적고 반복해서 뜻을 맞춰보세요. 퀴즐렛 어플(단어 카드, 게임 등) 활용도 추천합니다. 첫 회독 목표는 40% 정도만 챙기면 충분합니다.",영어,공통,line1002
중앙대학교 이과 편입은 어떤 과목을 준비해야 하나요?,중앙대학교 이과편입은 수학 시험만 응시합니다,시험준비,공통,cau2025-page7
중앙대학교 2024 편입 전형이나 시험 일정이 어떻게 되나요?,"원서접수: 2024.12.10(화) 10시~12.11(수) 18시, 필기/실기: 2025.1.12(일)·1.11(토), 1단계 합격자 발표: 1.17(금), 서류업로드: 1.17~1.18, 면접: 1.25(토), 합격자 발표: 2.7(금), 등록: 2.10~2.12",시험준비,공통,cau2025-page7
중앙대학교 2024 편입에서 전형방법이 변경된 부분이 있나요?,"일부 모집단위 전형방법 변경, 생명공학/예술공학/첨단소재공학과 서류+어학+성적 일괄합산, 경영/산업보안/국제물류 우선선발 세부자격 변경",시험준비,공통,cau2025-page3
중앙대학교 2024 편입은 복수지원이나 중복지원이 가능한가요?,"모든 전형 및 모집단위 복수지원 불가, 일반/우선선발 중복지원도 불가, 1개만 등록 가능",시험준비,공통,cau2025-page10
중앙대학교 2024 편입 일반편입과 학사편입의 지원자격은 어떻게 되나요?,"일반: 국내대 2학년 이상·66학점 이상, 전문대 졸업/학점은행제 70학점 이상, 학사: 4년제 졸업(예정)자(독학학위제 포함), 일부는 별도 자격 필요",시험준비,공통,cau2025-page14
중앙대학교 2024 편입 모집인원은 몇 명인가요?,"전체 719명(일반편입 632, 학사편입 87), 단과/학과별 인원 상이",시험준비,공통,cau2025-page5
중앙대학교 2024 편입 우선선발 전형 자격요건이 무엇인가요?,공인회계사 1차 이상 합격(2024.1.1. 이후 취득자) / 변리사·관세사 자격증,시험준비,공통,cau2025-page3
중앙대학교 2024 편입 전형방법을 간단히 설명해 주세요.,"(일반선발) 필기 1단계(100%)→2단계(성적 60%+서류 40%), 일부는 일괄합산(서류+어학+성적), (우선선발) 서류+자격+성적+면접(각 30~10%)",시험준비,공통,cau2025-page3
중앙대학교 2024 편입 우선선발 전형은 어떤 방식으로 평가되나요?,"서류+자격실적+성적+면접(30+30+30+10), 지원자격 충족+자격증 필요",시험준비,공통,cau2025-page15
중앙대학교 2024 편입생의 졸업 조건은 무엇인가요?,"공학교육인증 필수, 졸업까지 2년 이상 소요될 수 있음 / 학년별 전공 필수 이수로 2~5년 소요 가능",시험준비,공통,cau2025-page14
중앙대학교 2024 편입 합격자 발표 및 등록 일정이 어떻게 되나요?,"최초합격 발표: 2/7, 등록: 2/10~12, 충원합격/추가등록: 2/13~21, 미등록 시 자동포기",시험준비,공통,cau2025-page29
중앙대학교 2024 편입 지원 시 제출해야 할 서류는 무엇인가요?,"학업계획서, 전적대 성적증명서, 졸업(예정)증명서, (해당자) 공인어학성적, 자격증 등 온라인 업로드",시험준비,공통,cau2025-page19
중앙대학교 2024 편입 서류 제출 시 주의할 점이 있나요?,"합격 후 서류 원본 별도 우편제출, 자격 미충족·서류미제출 시 불합격, 학력조회 시 부적격 확인되면 입학 취소",시험준비,공통,cau2025-page21
중앙대학교 2024 편입 전형료는 얼마인가요?,"일반/학사: 8만원, 약학: 15만원, 체육: 10만원",시험준비,공통,cau2025-page8
중앙대학교 2024 편입생이 이용할 수 있는 서울캠퍼스 기숙사는 어떤가요?,"블루미르홀(2인실 1,298,000원/학기, 4인실 906,000원), 퓨처·글로벌하우스, 신청은 12~2월 중 별도 공지",시험준비,공통,cau2025-page34
중앙대학교 2024 편입 다빈치캠퍼스 생활관 정보가 궁금합니다.,"2인실 940,000~1,225,000원, 1인실 1,225,000~1,375,000원(16주/학기), 신청: 12~2월",시험준비,공통,cau2025-page36
중앙대학교 2024 편입생도 장학금 신청이 가능한가요?,"신입생 장학 별도(학생지원팀 02-820-6047), 편입생도 신청 가능, 문의: 입학처",시험준비,공통,cau2025-page32
중앙대학교 2024 편입 캠퍼스 위치는 어디인가요?,"서울캠퍼스(동작구 흑석동), 다빈치캠퍼스(경기도 안성), 계열별 상이",시험준비,공통,cau2025-page32
중앙대학교 2024 편입 시 불합격 처리 기준은 어떻게 되나요?,"필수서류 미제출, 지원자격 미충족, 시험 일부결시, 성적 저조 등은 불합격 처리, 전형 성적/평가내용은 비공개",시험준비,공통,cau2025-page10
중앙대학교 2024 편입 전형료 환불이나 중복합격 시 주의사항이 있나요?,"지원자 본인/보호자 계좌입력 오류로 인한 전형료 환불 불가, 중복합격 시 등록대학만 남고 나머지 등록포기 의무",시험준비,공통,cau2025-page10
중앙대학교 2024 편입 관련 문의는 어디로 하면 되나요?,"입학처 02-820-6393, 생활관(서울) 02-820-6672, 다빈치 031-670-3480",시험준비,공통,cau2025-page32
